Location,In Scope,Type,Size,Date,Level,Title,Description,Keywords,H1TagTexts,Word Count,LinksIn,LinksOut,Images,Audios,Videos,Documents,Notes
http://snapcats.org/,TRUE,text/html,14954,2018-02-21T23:09:31,0,SNAP Cats Home Page,,,,239,0,47,36,0,0,2, 
http://snapcats.org/index.html,TRUE,text/html,14954,2018-02-21T23:09:31,1,SNAP Cats Home Page,,,,239,144,47,36,0,0,2, 
http://snapcats.org/donate.htm,TRUE,text/html,13495,2018-02-05T18:27:12,1,SNAP Cats - Donate/Sponsor,,,,205,144,43,34,0,0,2, 
http://snapcats.org/ebaygivingworks.htm,TRUE,text/html,9497,2017-02-18T23:53:22,1,SNAP Cats - eBay Giving Works,,,,107,144,39,24,0,0,1, 
http://snapcats.org/helppage.htm,TRUE,text/html,8181,2017-10-31T00:11:18,1,SNAP Cats - Help Page,,,,95,144,37,25,0,0,1, 
http://snapcats.org/webcam.htm,TRUE,text/html,8981,2017-10-31T00:15:28,1,SNAP Cats - Webcam Page,,,,114,76,42,29,0,0,1, 
http://snapcats.org/aboutus.htm,TRUE,text/html,11245,2017-10-29T23:37:26,1,SNAP Cats - About Us,,,,133,144,38,26,0,0,1, 
http://snapcats.org/media.htm,TRUE,text/html,20577,2018-01-08T23:00:46,1,SNAP Cats - Media,,,,283,144,47,36,0,0,1, 
http://snapcats.org/ourcats.htm,TRUE,text/html,9406,2018-01-08T22:47:54,1,SNAP Cats - Our Special Cats,,,,147,144,42,28,0,0,2, 
http://snapcats.org/partners.htm,TRUE,text/html,10321,2018-01-08T22:40:32,1,SNAP Cats - Rescue Partners,,,,139,144,55,26,0,0,1, 
http://snapcats.org/education.htm,TRUE,text/html,28512,2017-10-31T00:09:45,1,SNAP Cats - Education,,,,234,144,85,25,0,0,1, 
http://snapcats.org/videos.htm,TRUE,text/html,10859,2017-10-31T00:15:03,1,SNAP Cats - Our Favorite Videos,,,,104,144,48,25,0,6,1, 
http://snapcats.org/dden.htm,TRUE,text/html,13444,2017-10-29T23:40:14,1,SNAP Cats - Darryls Den,,,,132,144,44,32,0,0,1, 
http://snapcats.org/events.htm,TRUE,text/html,7587,2017-10-31T00:10:39,1,SNAP Cats - Events,,,,90,144,37,25,0,0,1, 
http://snapcats.org/community.htm,TRUE,text/html,12890,2017-10-29T23:39:59,1,SNAP Cats Community,,,,138,144,39,26,0,0,3, 
http://snapcats.org/resources.htm,TRUE,text/html,13520,2017-10-31T00:14:06,1,SNAP Cats - Local Resources,,,,263,144,60,28,0,0,1, 
http://snapcats.org/wishlist.htm,TRUE,text/html,18425,2018-02-08T21:36:38,1,SNAP Cats - Wish List,,,,293,144,54,38,0,0,1, 
http://snapcats.org/boxes.htm,TRUE,text/html,21429,2017-12-28T19:51:23,1,SNAP Cats - Donation Boxes,,,,535,144,102,34,0,0,1, 
http://snapcats.org/visitus.htm,TRUE,text/html,9835,2017-12-20T01:12:20,1,SNAP Cats - Visit Us,,,,113,144,38,23,0,0,1, 
http://snapcats.org/docs/501c3.pdf,TRUE,application/pdf,810925,2018-02-21T23:08:51,1,501(c)(3) organization,,,,,2,,,,,, 
http://snapcats.org/snapcatscouture.htm,TRUE,text/html,20834,2017-02-18T23:53:52,1,SNAP Cats - SNAP Cats Couture,,,,278,2,45,32,0,0,1, 
http://snapcats.org/docs/escriptflyer.pdf,TRUE,application/pdf,159524,2017-02-19T00:30:15,1,eScrip,,,,,85,,,,,, 
http://snapcats.org/promoteus.htm,TRUE,text/html,11659,2017-10-31T00:13:54,1,SNAP Cats - Help Promote SNAP Cats,,,,162,2,45,31,0,0,2, 
http://snapcats.org/involved.htm,TRUE,text/html,11364,2017-10-31T00:12:08,2,SNAP Cats - Get Invloved,,,,144,118,42,31,0,0,2, 
http://snapcats.org/snapcatiowebcam.htm,TRUE,text/html,3512,2017-04-22T00:38:05,2,SNAP Cats - SNAP Catio Webcam Page,,,,76,1,5,3,0,0,0, 
http://snapcats.org/snapcatiowebcam2.htm,TRUE,text/html,3514,2017-05-02T22:25:50,2,SNAP Cats - SNAP Catio Webcam 2 Page,,,,76,1,5,3,0,0,0, 
http://snapcats.org/felvwebcam.htm,TRUE,text/html,3730,2017-04-22T00:38:39,2,SNAP Cats - FeLV Room Webcam Page,,,,79,1,5,3,0,0,0, 
http://snapcats.org/docs/brochure.pdf,TRUE,application/pdf,328534,2017-02-19T00:30:14,2,here,,,,,2,,,,,, 
http://snapcats.org/sponsorpackages.htm,TRUE,text/html,10432,2017-02-18T23:53:54,2,SNAP Cats - Sponsorship Packages,,,,140,1,37,26,0,0,1, 
http://snapcats.org/bigticket.htm,TRUE,text/html,13800,2017-04-03T21:25:47,2,SNAP Cats - Big Ticket Wish List for 2017,,,,241,1,38,40,0,0,1, 
http://snapcats.org/whatwedo.htm,TRUE,text/html,12129,2017-02-18T23:54:03,2,SNAP Cats - Why We Do What We Do,,,,113,1,42,31,0,0,0, 
http://snapcats.org/aggression.htm,TRUE,text/html,26652,2017-02-18T23:53:16,2,SNAP Cats - Feline Aggression,,,,244,1,36,24,0,0,1, 
http://snapcats.org/ataxia.htm,TRUE,text/html,12135,2017-02-18T23:53:16,2,SNAP Cats - Ataxia,,,,174,1,36,24,0,0,1, 
http://snapcats.org/bottlekittens.htm,TRUE,text/html,15936,2017-03-08T21:59:31,2,SNAP Cats - Bottle Feeding Kittens,,,,133,1,36,25,0,0,1, 
http://snapcats.org/newkitty.htm,TRUE,text/html,13684,2017-02-18T23:53:41,2,SNAP Cats - Bringing Home A New Kitty,,,,105,1,36,24,0,0,1, 
http://snapcats.org/calici.htm,TRUE,text/html,12168,2017-02-18T23:53:19,2,SNAP Cats - Feline Calicivirus,,,,123,1,36,24,0,0,1, 
http://snapcats.org/catbreeds.htm,TRUE,text/html,14729,2017-02-18T23:53:19,2,SNAP Cats - Cat Breeds,,,,98,1,83,71,0,0,1, 
http://snapcats.org/catsbodylanguage.htm,TRUE,text/html,11107,2017-02-18T23:53:19,2,SNAP Cats - Cats Body Language,,,,114,1,37,30,0,0,1, 
http://snapcats.org/diets.htm,TRUE,text/html,17306,2017-02-18T23:53:22,2,SNAP Cats - Cats Diets Are Different,,,,158,1,36,24,0,0,1, 
http://snapcats.org/ch.htm,TRUE,text/html,10757,2017-02-18T23:53:20,2,SNAP Cats - Cerebellar Hypoplasia,,,,106,5,36,25,0,0,1, 
http://snapcats.org/cleftsoftpalate.htm,TRUE,text/html,10711,2017-02-18T23:53:20,2,SNAP Cats - Cleft Soft Palate,,,,121,1,36,24,0,0,1, 
http://snapcats.org/declawing.htm,TRUE,text/html,11812,2017-02-18T23:53:21,2,SNAP Cats - Declawing,,,,104,1,41,24,0,0,1, 
http://snapcats.org/scratching.htm,TRUE,text/html,12053,2017-02-18T23:53:50,2,SNAP Cats - Destructive Scratching,,,,108,1,37,24,0,0,1, 
http://snapcats.org/diabetes.htm,TRUE,text/html,18143,2017-02-18T23:53:21,2,SNAP Cats - Feline Diabetes,,,,127,1,36,24,0,0,1, 
http://snapcats.org/diettips.htm,TRUE,text/html,13729,2017-02-18T23:53:22,2,SNAP Cats - Diet Tips,,,,131,1,36,25,0,0,1, 
http://snapcats.org/entropion.htm,TRUE,text/html,10547,2017-02-18T23:53:23,2,SNAP Cats - Entropion,,,,105,1,36,24,0,0,1, 
http://snapcats.org/feeding.htm,TRUE,text/html,19263,2017-02-18T23:53:23,2,SNAP Cats - Feeding Your Cat,,,,130,1,36,24,0,0,1, 
http://snapcats.org/fhv.htm,TRUE,text/html,15568,2017-02-18T23:53:24,2,SNAP Cats - Feline Herpes Virus,,,,127,1,36,24,0,0,1, 
http://snapcats.org/sponsorasnapcat.htm,TRUE,text/html,9212,2018-02-13T23:05:06,2,SNAP Cats - Sponsor a SNAP Cat,,,,112,1,37,27,0,0,1, 
http://snapcats.org/fhs.htm,TRUE,text/html,10495,2017-02-18T23:53:24,2,SNAP Cats - Feline Hyperesthesia Syndrome (FHS),,,,108,1,36,24,0,0,1, 
http://snapcats.org/fiv.htm,TRUE,text/html,20173,2017-02-18T23:53:24,2,SNAP Cats - Feline Immunodeficiency Virus (FIV),,,,172,1,38,24,0,0,1, 
http://snapcats.org/adoptions.htm,TRUE,text/html,21049,2018-01-08T22:37:22,2,SNAP Cats - Adoptions,,,,199,1,37,230,0,0,1, 
http://snapcats.org/barncats.htm,TRUE,text/html,11356,2018-02-14T23:07:46,2,SNAP Cats - Barn Cats,,,,144,1,40,28,0,0,1, 
http://snapcats.org/docs/snap_cats_adoption_application.doc,TRUE,application/msword,137728,2017-02-19T00:30:24,2,adoption application,,,,,1,,,,,, 
http://snapcats.org/fip.htm,TRUE,text/html,16486,2017-02-18T23:53:24,2,SNAP Cats - Feline Infectious Peritonitis (FIP),,,,232,1,36,24,0,0,1, 
http://snapcats.org/ficc.htm,TRUE,text/html,13204,2017-02-18T23:53:24,2,SNAP Cats - Cerebellar Hypoplasia,,,,140,1,36,24,0,0,1, 
http://snapcats.org/felv.htm,TRUE,text/html,18402,2017-02-18T23:53:24,2,SNAP Cats - Feline Leukemia Virus,,,,169,1,36,24,0,0,1, 
http://snapcats.org/flutd.htm,TRUE,text/html,18204,2017-02-18T23:53:24,2,SNAP Cats - Feline Lower Urinary Tract Disease (FLUTD),,,,140,2,36,24,0,0,1, 
http://snapcats.org/feral.htm,TRUE,text/html,12356,2017-02-18T23:53:24,2,SNAP Cats - Feral Cats,,,,109,1,36,24,0,0,1, 
http://snapcats.org/fvrcp.htm,TRUE,text/html,11268,2017-02-18T23:53:24,2,SNAP Cats - FVRCP Vaccine,,,,106,1,36,24,0,0,1, 
http://snapcats.org/headtilt.htm,TRUE,text/html,10810,2017-02-18T23:53:25,2,SNAP Cats - Head Tilt,,,,118,1,36,24,0,0,1, 
http://snapcats.org/heartmurmurs.htm,TRUE,text/html,12316,2017-02-18T23:53:25,2,SNAP Cats - Heart Murmurs,,,,153,1,36,24,0,0,1, 
http://snapcats.org/soiling.htm,TRUE,text/html,24954,2017-02-18T23:53:53,2,SNAP Cats - Feline House Soiling,,,,242,1,36,24,0,0,1, 
http://snapcats.org/hyperthyroid.htm,TRUE,text/html,12472,2017-02-18T23:53:27,2,SNAP Cats - Hyperthyroidism,,,,104,1,36,24,0,0,1, 
http://snapcats.org/hypoallergeniccats.htm,TRUE,text/html,13813,2017-02-18T23:53:26,2,SNAP Cats - Hypoallergenic Cats,,,,124,1,48,24,0,0,1, 
http://snapcats.org/ibd.htm,TRUE,text/html,13072,2017-02-18T23:53:26,2,SNAP Cats - Inflammatory Bowel Disease (IBD),,,,111,1,36,24,0,0,1, 
http://snapcats.org/manxsyndrome.htm,TRUE,text/html,8532,2017-02-18T23:53:35,2,SNAP Cats - Manx Syndrome,,,,102,1,36,24,0,0,1, 
http://snapcats.org/megacolon.htm,TRUE,text/html,13059,2017-02-18T23:53:37,2,SNAP Cats - Megacolon,,,,106,1,36,24,0,0,1, 
http://snapcats.org/nailtrimming101.htm,TRUE,text/html,11428,2017-02-18T23:53:40,2,SNAP Cats - Nail Trimming 101,,,,113,2,36,24,0,0,1, 
http://snapcats.org/parasites.htm,TRUE,text/html,19180,2017-02-18T23:53:45,2,SNAP Cats - Parasites,,,,147,1,37,24,0,0,1, 
http://snapcats.org/poisonplants.htm,TRUE,text/html,11129,2017-02-18T23:53:47,2,SNAP Cats - Poisonous Plants,,,,101,1,37,24,0,0,1, 
http://snapcats.org/renalfailure.htm,TRUE,text/html,16631,2017-02-18T23:53:48,2,SNAP Cats - Renal Failure,,,,147,1,36,24,0,0,1, 
http://snapcats.org/rhinitis.htm,TRUE,text/html,10798,2017-02-18T23:53:48,2,SNAP Cats - Rhinitis,,,,117,1,36,24,0,0,1, 
http://snapcats.org/rhino.htm,TRUE,text/html,11937,2017-02-18T23:53:48,2,SNAP Cats - Rhinotracheitis,,,,122,1,36,24,0,0,1, 
http://snapcats.org/ringworm.htm,TRUE,text/html,18651,2017-02-18T23:53:49,2,SNAP Cats - Ringworm,,,,130,1,36,24,0,0,1, 
http://snapcats.org/seniorcats.htm,TRUE,text/html,21449,2017-02-18T23:53:50,2,SNAP Cats - Senior Cats,,,,179,1,36,24,0,0,1, 
http://snapcats.org/synechiae.htm,TRUE,text/html,9391,2017-02-18T23:53:55,2,SNAP Cats - Synechiae,,,,125,1,36,24,0,0,1, 
http://snapcats.org/toxoplasmosis.htm,TRUE,text/html,17775,2017-02-18T23:53:55,2,SNAP Cats - Toxoplasmosis,,,,140,2,36,24,0,0,1, 
http://snapcats.org/uri.htm,TRUE,text/html,11804,2017-02-18T23:53:56,2,SNAP Cats - Upper Respiratory Infection,,,,130,1,36,24,0,0,1, 
http://snapcats.org/uti.htm,TRUE,text/html,10047,2017-02-18T23:53:56,2,SNAP Cats - Feline Urinary Track Infection,,,,102,1,36,24,0,0,1, 
http://snapcats.org/vaccines.htm,TRUE,text/html,23549,2017-02-18T23:53:57,2,SNAP Cats - Vaccines,,,,172,1,36,24,0,0,1, 
http://snapcats.org/vomiting.htm,TRUE,text/html,18143,2017-02-18T23:54:02,2,SNAP Cats - Vomiting,,,,124,1,36,24,0,0,1, 
http://snapcats.org/zoonotic.htm,TRUE,text/html,18395,2017-02-18T23:54:04,2,SNAP Cats - Zoonotic Diseases,,,,142,1,36,24,0,0,1, 
http://snapcats.org/sniffy.htm,TRUE,text/html,22518,2017-02-18T23:53:53,2,SNAP Cats - Sniffy,,,,230,1,33,25,0,0,0, 
http://snapcats.org/marmalade.htm,TRUE,text/html,16778,2017-02-18T23:53:35,2,SNAP Cats - Marmalade,,,,144,1,33,21,0,0,0, 
http://snapcats.org/jingles.htm,TRUE,text/html,13066,2017-02-18T23:53:28,2,SNAP Cats - Jingles,,,,122,1,33,21,0,0,0, 
http://snapcats.org/dinah.htm,TRUE,text/html,14211,2017-02-18T23:53:22,2,SNAP Cats - Dinah,,,,110,1,33,21,0,0,0, 
http://snapcats.org/orion.htm,TRUE,text/html,22653,2017-02-18T23:53:44,2,SNAP Cats - Orion,,,,216,1,33,22,0,0,0, 
http://snapcats.org/whiteshoesdd.htm,TRUE,text/html,42162,2017-02-18T23:54:03,2,SNAP Cats - White Shoes,,,,432,1,33,31,0,0,0, 
http://snapcats.org/dj.htm,TRUE,text/html,11275,2017-02-18T23:53:22,2,SNAP Cats - D.J.,,,,178,1,35,31,0,0,0, 
http://snapcats.org/docs/VolunteerManual.pdf,TRUE,application/pdf,329162,2017-02-19T00:30:27,2,here,,,,,1,,,,,, 
http://snapcats.org/docs/foster_care_program.doc,TRUE,application/msword,123392,2017-02-19T00:30:17,2,here,,,,,2,,,,,, 
http://snapcats.org/brewster.htm,TRUE,text/html,9600,2017-02-18T23:53:18,3,SNAP Cats - Brewster,,,,123,7,42,32,0,0,1, 
http://snapcats.org/pancake.htm,TRUE,text/html,9008,2017-02-18T23:53:45,3,SNAP Cats - Pancake,,,,108,9,39,23,0,0,1, 
http://snapcats.org/cupcake.htm,TRUE,text/html,10760,2017-02-18T23:53:20,3,SNAP Cats - Cupcake,,,,125,7,42,32,0,0,1, 
http://snapcats.org/bw.htm,TRUE,text/html,10295,2017-02-18T23:53:19,3,SNAP Cats - BW,,,,122,7,42,32,0,0,1, 
http://snapcats.org/larry.htm,TRUE,text/html,7777,2017-10-13T16:33:02,3,SNAP Cats - Our Special Cats,,,,101,7,36,24,0,0,1, 
http://snapcats.org/hubble.htm,TRUE,text/html,7767,2017-10-13T16:36:38,3,SNAP Cats - Our Special Cats,,,,102,7,36,24,0,0,1, 
http://snapcats.org/teddy.htm,TRUE,text/html,10825,2017-02-18T23:53:55,3,SNAP Cats - Teddy,,,,141,7,44,32,0,0,1, 
http://snapcats.org/docs/feline_aggression.doc,TRUE,application/msword,126464,2017-02-19T00:30:15,3,,,,,,2,,,,,, 
http://snapcats.org/docs/ataxia.doc,TRUE,application/msword,110080,2017-02-19T00:30:13,3,,,,,,1,,,,,, 
http://snapcats.org/docs/new_kitty.doc,TRUE,application/msword,103936,2017-02-19T00:30:19,3,,,,,,1,,,,,, 
http://snapcats.org/docs/bottle_feeding_kittens.doc,TRUE,application/msword,312832,2017-02-19T00:30:13,3,,,,,,1,,,,,, 
http://snapcats.org/docs/calicivirus.doc,TRUE,application/msword,106496,2017-02-19T00:30:14,3,,,,,,1,,,,,, 
http://snapcats.org/docs/feline_diabetes.doc,TRUE,application/msword,118784,2017-02-19T00:30:15,3,,,,,,2,,,,,, 
http://snapcats.org/docs/cleft_soft_palate.doc,TRUE,application/msword,112640,2017-02-19T00:30:14,3,,,,,,1,,,,,, 
http://snapcats.org/docs/cerebellar_hypoplasia.doc,TRUE,application/msword,123392,2017-02-19T00:30:14,3,,,,,,1,,,,,, 
http://snapcats.org/docs/cats_body_language.doc,TRUE,application/msword,135680,2017-02-19T00:30:14,3,,,,,,1,,,,,, 
http://snapcats.org/docs/declawing.doc,TRUE,application/msword,99328,2017-02-19T00:30:14,3,,,,,,1,,,,,, 
http://snapcats.org/docs/destructive_scratching.doc,TRUE,application/msword,105472,2017-02-19T00:30:15,3,,,,,,1,,,,,, 
http://snapcats.org/docs/diet_tips.doc,TRUE,application/msword,136704,2017-02-19T00:30:15,3,,,,,,1,,,,,, 
http://snapcats.org/abyssinian.htm,TRUE,text/html,8361,2017-02-18T23:53:16,3,SNAP Cats - Abyssinian Cat Breed,,,,138,1,34,22,0,0,1, 
http://snapcats.org/americanbobtail.htm,TRUE,text/html,8494,2017-02-18T23:53:16,3,SNAP Cats - American Bobtail Cat Breed,,,,144,1,34,22,0,0,1, 
http://snapcats.org/americancurl.htm,TRUE,text/html,8421,2017-02-18T23:53:16,3,SNAP Cats - American Curl Cat Breed,,,,141,1,34,22,0,0,1, 
http://snapcats.org/americanshorthair.htm,TRUE,text/html,8443,2017-02-18T23:53:16,3,SNAP Cats - American Shorthair Cat Breed,,,,141,1,34,22,0,0,1, 
http://snapcats.org/americanwirehair.htm,TRUE,text/html,8455,2017-02-18T23:53:16,3,SNAP Cats - American Wirehair Cat Breed,,,,141,1,34,22,0,0,1, 
http://snapcats.org/balinese.htm,TRUE,text/html,8395,2017-02-18T23:53:16,3,SNAP Cats - Balinese Cat Breed,,,,141,2,34,22,0,0,1, 
http://snapcats.org/bengal.htm,TRUE,text/html,8418,2017-02-18T23:53:17,3,SNAP Cats - Bengal Cat Breed,,,,144,2,34,22,0,0,1, 
http://snapcats.org/birman.htm,TRUE,text/html,8374,2017-02-18T23:53:17,3,SNAP Cats - Birman Cat Breed,,,,141,1,34,22,0,0,1, 
http://snapcats.org/bombay.htm,TRUE,text/html,8444,2017-02-18T23:53:17,3,SNAP Cats - Bombay Cat Breed,,,,144,1,34,22,0,0,1, 
http://snapcats.org/britishshorthair.htm,TRUE,text/html,8392,2017-02-18T23:53:18,3,SNAP Cats - British Shorthair Cat Breed,,,,138,1,34,22,0,0,1, 
http://snapcats.org/burmese.htm,TRUE,text/html,8391,2017-02-18T23:53:19,3,SNAP Cats - Burmese Cat Breed,,,,141,1,34,22,0,0,1, 
http://snapcats.org/burmilla.htm,TRUE,text/html,8335,2017-02-18T23:53:19,3,SNAP Cats - Burmilla Cat Breed,,,,138,1,34,22,0,0,1, 
http://snapcats.org/chartreux.htm,TRUE,text/html,8422,2017-02-18T23:53:19,3,SNAP Cats - Chartreux Cat Breed,,,,141,1,34,22,0,0,1, 
http://snapcats.org/chineselihua.htm,TRUE,text/html,8345,2017-02-18T23:53:19,3,SNAP Cats - Chinese Li Hua Cat Breed,,,,138,1,34,22,0,0,1, 
http://snapcats.org/colorpointshorthair.htm,TRUE,text/html,8419,2017-02-18T23:53:20,3,SNAP Cats - Colorpoint Shorthair Cat Breed,,,,141,2,34,22,0,0,1, 
http://snapcats.org/cornishrex.htm,TRUE,text/html,8452,2017-02-18T23:53:20,3,SNAP Cats - Cornish Rex Cat Breed,,,,144,2,34,22,0,0,1, 
http://snapcats.org/cymric.htm,TRUE,text/html,8390,2017-02-18T23:53:21,3,SNAP Cats - Cymric Cat Breed,,,,141,1,34,22,0,0,1, 
http://snapcats.org/devonrex.htm,TRUE,text/html,8451,2017-02-18T23:53:21,3,SNAP Cats - Devon Rex Cat Breed,,,,144,2,34,22,0,0,1, 
http://snapcats.org/egyptianmau.htm,TRUE,text/html,8353,2017-02-18T23:53:23,3,SNAP Cats - Egyptian Mau Cat Breed,,,,138,1,34,22,0,0,1, 
http://snapcats.org/europeanburmese.htm,TRUE,text/html,8492,2017-02-18T23:53:23,3,SNAP Cats - European Burmese Cat Breed,,,,144,1,34,22,0,0,1, 
http://snapcats.org/exotic.htm,TRUE,text/html,8369,2017-02-18T23:53:23,3,SNAP Cats - Exotic Cat Breed,,,,141,1,34,22,0,0,1, 
http://snapcats.org/havanabrown.htm,TRUE,text/html,8384,2017-02-18T23:53:25,3,SNAP Cats - Havana Brown Cat Breed,,,,137,1,34,22,0,0,1, 
http://snapcats.org/himalayan.htm,TRUE,text/html,8360,2017-02-18T23:53:26,3,SNAP Cats - Himalayan Cat Breed,,,,138,1,34,22,0,0,1, 
http://snapcats.org/japanesebobtail.htm,TRUE,text/html,8430,2017-02-18T23:53:27,3,SNAP Cats - Japanese Bobtail Cat Breed,,,,141,1,34,22,0,0,1, 
http://snapcats.org/javanese.htm,TRUE,text/html,8438,2017-02-18T23:53:27,3,SNAP Cats - Javanese Cat Breed,,,,144,2,34,22,0,0,1, 
http://snapcats.org/korat.htm,TRUE,text/html,8420,2017-02-18T23:53:29,3,SNAP Cats - Korat Cat Breed,,,,144,1,34,22,0,0,1, 
http://snapcats.org/laperm.htm,TRUE,text/html,8384,2017-02-18T23:53:29,3,SNAP Cats - Laperm Cat Breed,,,,141,1,34,22,0,0,1, 
http://snapcats.org/mainecoon.htm,TRUE,text/html,8426,2017-02-18T23:53:33,3,SNAP Cats - Maine Coon Cat Breed,,,,141,1,34,22,0,0,1, 
http://snapcats.org/manx.htm,TRUE,text/html,8430,2017-02-18T23:53:34,3,SNAP Cats - Manx Cat Breed,,,,144,1,34,22,0,0,1, 
http://snapcats.org/nebelung.htm,TRUE,text/html,8417,2017-02-18T23:53:41,3,SNAP Cats - Nebelung Cat Breed,,,,141,1,34,22,0,0,1, 
http://snapcats.org/norwegianforest.htm,TRUE,text/html,8386,2017-02-18T23:53:43,3,SNAP Cats - Norwegian Forest Cat Breed,,,,138,1,34,22,0,0,1, 
http://snapcats.org/ocicat.htm,TRUE,text/html,8393,2017-02-18T23:53:43,3,SNAP Cats - Ocicat Cat Breed,,,,141,1,34,22,0,0,1, 
http://snapcats.org/oriental.htm,TRUE,text/html,8021,2017-02-18T23:53:44,3,SNAP Cats - Oriental Cat Breed,,,,117,2,34,22,0,0,1, 
http://snapcats.org/persian.htm,TRUE,text/html,8419,2017-02-18T23:53:46,3,SNAP Cats - Persian Cat Breed,,,,141,1,34,22,0,0,1, 
http://snapcats.org/ragamuffin.htm,TRUE,text/html,8429,2017-02-18T23:53:47,3,SNAP Cats - Ragamuffin Cat Breed,,,,141,1,34,22,0,0,1, 
http://snapcats.org/ragdoll.htm,TRUE,text/html,8437,2017-02-18T23:53:47,3,SNAP Cats - Ragdoll Cat Breed,,,,143,1,34,22,0,0,1, 
http://snapcats.org/russianblue.htm,TRUE,text/html,8421,2017-02-18T23:53:49,3,SNAP Cats - Russian Blue Cat Breed,,,,141,2,34,22,0,0,1, 
http://snapcats.org/savannah.htm,TRUE,text/html,8483,2017-02-18T23:53:50,3,SNAP Cats - Savannah Cat Breed,,,,146,1,34,22,0,0,1, 
http://snapcats.org/scottishfold.htm,TRUE,text/html,8388,2017-02-18T23:53:50,3,SNAP Cats - Scottish Fold Cat Breed,,,,138,1,34,22,0,0,1, 
http://snapcats.org/selkirkrex.htm,TRUE,text/html,8374,2017-02-18T23:53:50,3,SNAP Cats - Selkirk Rex Cat Breed,,,,138,1,34,22,0,0,1, 
http://snapcats.org/siamese.htm,TRUE,text/html,8391,2017-02-18T23:53:50,3,SNAP Cats - Siamese Cat Breed,,,,141,2,34,22,0,0,1, 
http://snapcats.org/siberian.htm,TRUE,text/html,8450,2017-02-18T23:53:50,3,SNAP Cats - Siberian Cat Breed,,,,144,2,34,22,0,0,1, 
http://snapcats.org/singapura.htm,TRUE,text/html,8446,2017-02-18T23:53:50,3,SNAP Cats - Singapura Cat Breed,,,,144,1,34,22,0,0,1, 
http://snapcats.org/snowshoe.htm,TRUE,text/html,8439,2017-02-18T23:53:53,3,SNAP Cats - Snowshoe Cat Breed,,,,144,1,34,22,0,0,1, 
http://snapcats.org/somali.htm,TRUE,text/html,8403,2017-02-18T23:53:53,3,SNAP Cats - Somali Cat Breed,,,,141,1,34,22,0,0,1, 
http://snapcats.org/sphynx.htm,TRUE,text/html,8397,2017-02-18T23:53:54,3,SNAP Cats - Sphynx Cat Breed,,,,141,2,34,22,0,0,1, 
http://snapcats.org/tonkinese.htm,TRUE,text/html,8450,2017-02-18T23:53:55,3,SNAP Cats - Tonkinese Cat Breed,,,,144,1,34,22,0,0,1, 
http://snapcats.org/turkishangora.htm,TRUE,text/html,8437,2017-02-18T23:53:56,3,SNAP Cats - Turkish Angora Cat Breed,,,,141,1,34,22,0,0,1, 
http://snapcats.org/turkishvan.htm,TRUE,text/html,8408,2017-02-18T23:53:56,3,SNAP Cats - Turkish Van Cat Breed,,,,141,1,34,22,0,0,1, 
http://snapcats.org/docs/uti.doc,TRUE,application/msword,100352,2017-02-19T00:30:26,3,,,,,,1,,,,,, 
http://snapcats.org/docs/uri.doc,TRUE,application/msword,115200,2017-02-19T00:30:26,3,,,,,,1,,,,,, 
http://snapcats.org/docs/synechiae.doc,TRUE,application/msword,103936,2017-02-19T00:30:25,3,,,,,,1,,,,,, 
http://snapcats.org/docs/ringworm.doc,TRUE,application/msword,106496,2017-02-19T00:30:22,3,,,,,,1,,,,,, 
http://snapcats.org/docs/toxoplasmosis.doc,TRUE,application/msword,110592,2017-02-19T00:30:25,3,,,,,,1,,,,,, 
http://snapcats.org/docs/senior_cats.doc,TRUE,application/msword,126464,2017-02-19T00:30:22,3,,,,,,1,,,,,, 
http://snapcats.org/docs/rhino.doc,TRUE,application/msword,109568,2017-02-19T00:30:21,3,,,,,,1,,,,,, 
http://snapcats.org/docs/renal_failure.doc,TRUE,application/msword,118784,2017-02-19T00:30:21,3,,,,,,1,,,,,, 
http://snapcats.org/docs/poisonous_plants.doc,TRUE,application/msword,112640,2017-02-19T00:30:20,3,,,,,,1,,,,,, 
http://snapcats.org/docs/megacolon.doc,TRUE,application/msword,116224,2017-02-19T00:30:20,3,,,,,,1,,,,,, 
http://snapcats.org/docs/parasites.doc,TRUE,application/msword,108032,2017-02-19T00:30:19,3,,,,,,1,,,,,, 
http://snapcats.org/docs/manx_syndrome.doc,TRUE,application/msword,99328,2017-02-19T00:30:17,3,,,,,,1,,,,,, 
http://snapcats.org/docs/nail_trimming_101.doc,TRUE,application/msword,97792,2017-02-19T00:30:19,3,,,,,,1,,,,,, 
http://snapcats.org/docs/ibd.doc,TRUE,application/msword,107520,2017-02-19T00:30:17,3,,,,,,1,,,,,, 
http://snapcats.org/docs/hyperthyroidism.doc,TRUE,application/msword,117248,2017-02-19T00:30:19,3,,,,,,1,,,,,, 
http://snapcats.org/docs/head_tilt.doc,TRUE,application/msword,110080,2017-02-19T00:30:17,3,,,,,,1,,,,,, 
http://snapcats.org/docs/feline_house_soiling.doc,TRUE,application/msword,125440,2017-02-19T00:30:15,3,,,,,,1,,,,,, 
http://snapcats.org/docs/heart_murmurs.doc,TRUE,application/msword,114688,2017-02-19T00:30:17,3,,,,,,1,,,,,, 
http://snapcats.org/docs/fvrcp.doc,TRUE,application/msword,100864,2017-02-19T00:30:17,3,,,,,,1,,,,,, 
http://snapcats.org/docs/feral_cats.doc,TRUE,application/msword,100352,2017-02-19T00:30:16,3,,,,,,1,,,,,, 
http://snapcats.org/docs/flutd.doc,TRUE,application/msword,130048,2017-02-19T00:30:16,3,,,,,,1,,,,,, 
http://snapcats.org/docs/rhinitis.doc,TRUE,application/msword,106496,2017-02-19T00:30:21,3,,,,,,1,,,,,, 
http://snapcats.org/docs/ficc.doc,TRUE,application/msword,102912,2017-02-19T00:30:16,3,,,,,,1,,,,,, 
http://snapcats.org/docs/feline_leukemia_virus.doc,TRUE,application/msword,114688,2017-02-19T00:30:16,3,,,,,,1,,,,,, 
http://snapcats.org/docs/fip.doc,TRUE,application/msword,108032,2017-02-19T00:30:16,3,,,,,,1,,,,,, 
http://snapcats.org/docs/fiv.doc,TRUE,application/msword,119296,2017-02-19T00:30:16,3,,,,,,1,,,,,, 
http://snapcats.org/docs/fhs.doc,TRUE,application/msword,103424,2017-02-19T00:30:16,3,,,,,,1,,,,,, 
http://snapcats.org/docs/feline_herpes_virus.doc,TRUE,application/msword,108032,2017-02-19T00:30:15,3,,,,,,1,,,,,, 
http://snapcats.org/docs/feeding_your_cat.doc,TRUE,application/msword,111104,2017-02-19T00:30:15,3,,,,,,1,,,,,, 
http://snapcats.org/docs/zoonotic_diseases.doc,TRUE,application/msword,120832,2017-02-19T00:30:28,3,,,,,,1,,,,,, 
http://snapcats.org/djsushi.htm,TRUE,text/html,7890,2017-02-18T23:53:22,3,SNAP Cats - D.J. Eating Sushi,,,,101,1,33,27,0,0,0, 
http://snapcats.org/djroof.htm,TRUE,text/html,8487,2017-02-18T23:53:22,3,SNAP Cats - D.J. on the Roof,,,,92,1,33,25,0,0,0, 
http://snapcats.org/docs/vaccines.doc,TRUE,application/msword,125440,2017-02-19T00:30:27,3,,,,,,2,,,,,, 
http://snapcats.org/docs/entropion.doc,TRUE,application/msword,113664,2017-02-19T00:30:15,3,,,,,,1,,,,,, 
http://snapcats.org/pompom.htm,TRUE,text/html,8250,2017-02-18T23:53:47,4,SNAP Cats - Pompom,,,,89,2,36,21,0,0,0, 
http://snapcats.org/pumpkin.htm,TRUE,text/html,8170,2017-02-18T23:53:47,4,SNAP Cats - Pumpkin,,,,90,2,36,21,0,0,0, 
http://snapcats.org/teddycleft.htm,TRUE,text/html,9222,2017-02-18T23:53:55,4,SNAP Cats - Teddys Cleft Palate,,,,133,1,41,36,0,0,1, 
http://snapcats.org/pictures/newtoplogo4.jpg,TRUE,image/jpeg,356872,2017-02-19T00:04:19,1,,,,,,0,,,,,, 
http://snapcats.org/pictures/donate.jpg,TRUE,image/jpeg,3900,2017-02-19T00:00:54,1,Donate,,,,,0,,,,,, 
http://snapcats.org/pictures/ebayribbon.jpg,TRUE,image/jpeg,1447,2017-02-19T00:01:12,1,eBay Giving Works,,,,,0,,,,,, 
http://snapcats.org/pictures/emailus.jpg,TRUE,image/jpeg,4174,2017-02-19T00:01:21,1,eMail Us,,,,,0,,,,,, 
http://snapcats.org/pictures/help.jpg,TRUE,image/jpeg,4245,2017-02-19T00:02:35,1,Help Page,,,,,0,,,,,, 
http://snapcats.org/pictures/tito30.jpg,TRUE,image/jpeg,14875,2017-02-19T00:09:14,1,SNAP Wraps,,,,,0,,,,,, 
http://snapcats.org/pictures/webcamicon.jpg,TRUE,image/jpeg,2421,2017-02-19T00:09:49,1,Live Webcam,,,,,0,,,,,, 
http://snapcats.org/pictures/facebookicon.jpg,TRUE,image/jpeg,1812,2017-02-19T00:01:38,1,Facebook,,,,,0,,,,,, 
http://snapcats.org/pictures/twittericon2.jpg,TRUE,image/jpeg,2147,2017-02-19T00:09:31,1,Twitter,,,,,0,,,,,, 
http://snapcats.org/pictures/ellosmile.jpg,TRUE,image/jpeg,784,2017-02-19T00:01:20,1,Ello,,,,,0,,,,,, 
http://snapcats.org/pictures/google+.jpg,TRUE,image/jpeg,2190,2017-02-19T00:02:17,1,Google+,,,,,0,,,,,, 
http://snapcats.org/pictures/tumblr.jpg,TRUE,image/jpeg,1303,2017-02-19T00:09:28,1,Tumblr,,,,,0,,,,,, 
http://snapcats.org/pictures/linkedinlogo.png,TRUE,image/png,785,2017-02-19T00:03:16,1,Linked In,,,,,0,,,,,, 
http://snapcats.org/pictures/youtubelogo.png,TRUE,image/png,1972,2017-02-19T00:10:04,1,YouTube,,,,,0,,,,,, 
http://snapcats.org/pictures/instagramlogo.jpg,TRUE,image/jpeg,3737,2017-02-19T00:02:45,1,Instagram,,,,,0,,,,,, 
http://snapcats.org/pictures/pinit1.jpg,TRUE,image/jpeg,2274,2017-02-19T00:05:15,1,Pinterest,,,,,0,,,,,, 
http://snapcats.org/pictures/welcomebluebar565.jpg,TRUE,image/jpeg,12851,2017-02-19T00:09:51,1,,,,,,0,,,,,, 
http://snapcats.org/pictures/slideshow565.gif,TRUE,image/gif,2496368,2018-02-19T19:55:18,1,,,,,,0,,,,,, 
http://snapcats.org/pictures/whitevan.jpg,TRUE,image/jpeg,44892,2017-10-26T00:07:24,1,,,,,,0,,,,,, 
http://snapcats.org/pictures/livestream565.jpg,TRUE,image/jpeg,173081,2017-02-19T00:03:19,1,,,,,,0,,,,,, 
http://snapcats.org/pictures/indexpagecomplete565.jpg,TRUE,image/jpeg,245946,2017-02-19T00:02:42,1,,,,,,0,,,,,, 
http://snapcats.org/pictures/resqwalk565.jpg,TRUE,image/jpeg,229306,2017-02-19T00:07:01,1,,,,,,0,,,,,, 
http://snapcats.org/pictures/sweatshirt275.jpg,TRUE,image/jpeg,88731,2017-02-19T00:08:22,1,,,,,,0,,,,,, 
http://snapcats.org/pictures/stonehat565.jpg,TRUE,image/jpeg,102823,2017-02-19T00:08:15,1,,,,,,0,,,,,, 
http://snapcats.org/pictures/car-door-magnets565.jpg,TRUE,image/jpeg,55858,2017-02-18T23:57:55,1,,,,,,0,,,,,, 
http://snapcats.org/pictures/amazonsmile1.jpg,TRUE,image/jpeg,37116,2017-02-18T23:56:11,1,,,,,,0,,,,,, 
http://snapcats.org/pictures/smartcatlogonew300.jpg,TRUE,image/jpeg,89468,2017-02-19T00:07:44,1,,,,,,0,,,,,, 
http://snapcats.org/pictures/ebayforcharitylogo.png,TRUE,image/png,12056,2018-02-14T22:48:20,1,,,,,,0,,,,,, 
http://snapcats.org/pictures/givingassistant300.gif,TRUE,image/gif,12964,2017-04-12T21:38:42,1,,,,,,0,,,,,, 
http://snapcats.org/pictures/shopforyourcauselogo300.png,TRUE,image/png,52865,2017-02-19T00:07:34,1,,,,,,0,,,,,, 
http://snapcats.org/pictures/igivelogo.png,TRUE,image/png,11225,2017-02-19T00:02:40,1,,,,,,0,,,,,, 
http://snapcats.org/pictures/goodshop4.jpg,TRUE,image/jpeg,15508,2017-02-19T00:02:17,1,,,,,,0,,,,,, 
http://snapcats.org/pictures/escriptlogo2.jpg,TRUE,image/jpeg,21607,2017-02-19T00:01:31,1,,,,,,0,,,,,, 
http://snapcats.org/pictures/wishlist.jpg,TRUE,image/jpeg,26733,2017-02-19T00:09:56,1,,,,,,0,,,,,, 
http://snapcats.org/pictures/helpbluebar565.jpg,TRUE,image/jpeg,7364,2017-02-19T00:02:36,2,,,,,,0,,,,,, 
http://snapcats.org/pictures/webcambluebar565.jpg,TRUE,image/jpeg,15696,2017-09-14T23:46:27,2,,,,,,0,,,,,, 
http://snapcats.org/pictures/ebaygivingworks.jpg,TRUE,image/jpeg,23768,2017-02-19T00:01:09,2,eBay Giving Works,,,,,0,,,,,, 
http://snapcats.org/pictures/donatebluebar565.jpg,TRUE,image/jpeg,10843,2017-02-19T00:00:55,2,,,,,,0,,,,,, 
http://snapcats.org/pictures/partners565.jpg,TRUE,image/jpeg,201701,2017-02-19T00:04:46,2,Help Page,,,,,0,,,,,, 
http://snapcats.org/pictures/meshare125.png,TRUE,image/png,3498,2017-02-19T00:04:02,2,meShare,,,,,0,,,,,, 
http://snapcats.org/pictures/catiowebcam.png,TRUE,image/png,208180,2017-02-18T23:58:02,2,SNAP Catio Webcam,,,,,0,,,,,, 
http://snapcats.org/pictures/aboutusbluebarnew.png,TRUE,image/png,2601,2017-02-18T23:56:03,2,,,,,,0,,,,,, 
http://snapcats.org/pictures/catiocam2.png,TRUE,image/png,420964,2017-03-15T00:14:28,2,SNAP Catio Webcam 2,,,,,0,,,,,, 
http://snapcats.org/pictures/felvwebcam.png,TRUE,image/png,273708,2017-09-04T20:44:42,2,FeLV Room Webcam,,,,,0,,,,,, 
http://snapcats.org/pictures/sponsor333.jpg,TRUE,image/jpeg,115404,2017-02-19T00:08:03,2,,,,,,0,,,,,, 
http://snapcats.org/pictures/aboutusnew.jpg,TRUE,image/jpeg,187268,2017-02-18T23:56:03,2,About Us,,,,,0,,,,,, 
http://snapcats.org/pictures/meandhouse565.jpg,TRUE,image/jpeg,433298,2017-02-19T00:03:58,2,,,,,,0,,,,,, 
http://snapcats.org/pictures/paypalnewbutton250.png,TRUE,image/png,25932,2017-02-19T00:04:52,2,,,,,,0,,,,,, 
http://snapcats.org/pictures/sponsorshipopportunities.jpg,TRUE,image/jpeg,31355,2017-02-19T00:08:05,2,,,,,,0,,,,,, 
http://snapcats.org/pictures/100buttonnew.jpg,TRUE,image/jpeg,74826,2017-02-18T23:55:56,2,,,,,,0,,,,,, 
http://snapcats.org/pictures/bigticketimage261.jpg,TRUE,image/jpeg,78802,2017-02-18T23:57:22,2,,,,,,0,,,,,, 
http://snapcats.org/pictures/donatecarheart565.jpg,TRUE,image/jpeg,172264,2017-02-19T00:00:56,2,,,,,,0,,,,,, 
http://snapcats.org/pictures/matchinggift565.png,TRUE,image/png,187385,2017-02-19T00:03:56,2,,,,,,0,,,,,, 
http://snapcats.org/pictures/ourcatsbluebar565.jpg,TRUE,image/jpeg,10479,2017-02-19T00:04:34,2,,,,,,0,,,,,, 
http://snapcats.org/pictures/partnersbluebar565.jpg,TRUE,image/jpeg,10740,2017-02-19T00:04:48,2,,,,,,0,,,,,, 
http://snapcats.org/pictures/videosbluebar565.jpg,TRUE,image/jpeg,11757,2017-02-19T00:09:36,2,,,,,,0,,,,,, 
http://snapcats.org/pictures/edbluebarnew.jpg,TRUE,image/jpeg,4792,2017-02-19T00:01:17,2,,,,,,0,,,,,, 
http://snapcats.org/pictures/sponsoracat565.jpg,TRUE,image/jpeg,177409,2017-03-10T20:01:36,2,,,,,,0,,,,,, 
http://snapcats.org/pictures/eventsbluebar565.jpg,TRUE,image/jpeg,6136,2017-02-19T00:01:35,2,,,,,,0,,,,,, 
http://snapcats.org/pictures/mediabluebar565.jpg,TRUE,image/jpeg,5378,2017-02-19T00:03:59,2,,,,,,0,,,,,, 
http://snapcats.org/pictures/ddbluebar565.jpg,TRUE,image/jpeg,8557,2017-02-18T23:59:41,2,,,,,,0,,,,,, 
http://snapcats.org/pictures/rescuepartners565.jpg,TRUE,image/jpeg,207094,2017-02-19T00:06:58,2,,,,,,0,,,,,, 
http://snapcats.org/pictures/video565.jpg,TRUE,image/jpeg,120554,2017-02-19T00:09:36,2,,,,,,0,,,,,, 
http://snapcats.org/pictures/ed1new.jpg,TRUE,image/jpeg,146147,2017-02-19T00:01:13,2,,,,,,0,,,,,, 
http://snapcats.org/pictures/adoptions565.jpg,TRUE,image/jpeg,152601,2017-03-10T20:01:25,2,,,,,,0,,,,,, 
http://snapcats.org/pictures/events565.jpg,TRUE,image/jpeg,235994,2017-02-19T00:01:34,2,,,,,,0,,,,,, 
http://snapcats.org/pictures/snapcatsracecar2cropped.jpg,TRUE,image/jpeg,183496,2017-06-13T00:09:49,2,SNAP Cats Race Car,,,,,0,,,,,, 
http://snapcats.org/pictures/darrylsden565.jpg,TRUE,image/jpeg,291668,2017-02-18T23:59:29,2,Darryls Den,,,,,0,,,,,, 
http://snapcats.org/pictures/linkedinlogo85.png,TRUE,image/png,1737,2017-02-19T00:03:16,2,LinkedIn Logo,,,,,0,,,,,, 
http://snapcats.org/pictures/sniffys.jpg,TRUE,image/jpeg,3428,2017-02-19T00:07:57,2,,,,,,0,,,,,, 
http://snapcats.org/pictures/lebonesenew565.jpg,TRUE,image/jpeg,413612,2017-02-19T00:03:12,2,Lebanon Kittens,,,,,0,,,,,, 
http://snapcats.org/pictures/marmalades.jpg,TRUE,image/jpeg,3110,2017-02-19T00:03:55,2,,,,,,0,,,,,, 
http://snapcats.org/pictures/livingstone565new.jpg,TRUE,image/jpeg,259224,2017-02-19T00:03:31,2,Livingstone,,,,,0,,,,,, 
http://snapcats.org/pictures/barncats565.jpg,TRUE,image/jpeg,173129,2017-03-10T20:01:45,2,,,,,,0,,,,,, 
http://snapcats.org/pictures/jingless.jpg,TRUE,image/jpeg,2793,2017-02-19T00:02:49,2,,,,,,0,,,,,, 
http://snapcats.org/pictures/kittenroom3webcam.png,TRUE,image/png,359215,2017-02-19T00:02:54,2,,,,,,0,,,,,, 
http://snapcats.org/pictures/dinahs.jpg,TRUE,image/jpeg,4091,2017-02-18T23:59:55,2,,,,,,0,,,,,, 
http://snapcats.org/pictures/summitcheck565.jpg,TRUE,image/jpeg,264963,2017-02-19T00:08:19,2,,,,,,0,,,,,, 
http://snapcats.org/pictures/orions.jpg,TRUE,image/jpeg,2515,2017-02-19T00:04:32,2,,,,,,0,,,,,, 
http://snapcats.org/pictures/mvcs565.jpg,TRUE,image/jpeg,239785,2017-02-19T00:04:11,2,,,,,,0,,,,,, 
http://snapcats.org/pictures/whiteshoess.jpg,TRUE,image/jpeg,19620,2017-02-19T00:09:53,2,,,,,,0,,,,,, 
http://snapcats.org/pictures/grace565.png,TRUE,image/png,315077,2017-02-19T00:02:19,2,,,,,,0,,,,,, 
http://snapcats.org/pictures/dj114.jpg,TRUE,image/jpeg,12393,2017-02-18T23:59:57,2,,,,,,0,,,,,, 
http://snapcats.org/pictures/grace565.jpg,TRUE,image/jpeg,226429,2017-02-19T00:02:18,2,,,,,,0,,,,,, 
http://snapcats.org/pictures/communitybluebar565.jpg,TRUE,image/jpeg,9449,2017-02-18T23:59:10,2,,,,,,0,,,,,, 
http://snapcats.org/pictures/resourcesbluebar565.jpg,TRUE,image/jpeg,10839,2017-02-19T00:07:00,2,,,,,,0,,,,,, 
http://snapcats.org/pictures/wishlistbluebar565.jpg,TRUE,image/jpeg,8659,2017-02-19T00:09:57,2,,,,,,0,,,,,, 
http://snapcats.org/pictures/pressdemocratlogo.gif,TRUE,image/gif,7650,2017-02-19T00:06:39,2,,,,,,0,,,,,, 
http://snapcats.org/pictures/boxesbluebarnew.jpg,TRUE,image/jpeg,7030,2017-02-18T23:57:38,2,,,,,,0,,,,,, 
http://snapcats.org/pictures/snapcatsvolunteer565.jpg,TRUE,image/jpeg,318961,2017-02-19T00:07:50,2,,,,,,0,,,,,, 
http://snapcats.org/pictures/resources565.jpg,TRUE,image/jpeg,128785,2017-02-19T00:06:59,2,,,,,,0,,,,,, 
http://snapcats.org/pictures/wishlist565.jpg,TRUE,image/jpeg,69165,2017-02-19T00:09:56,2,,,,,,0,,,,,, 
http://snapcats.org/pictures/pdlarge565.jpg,TRUE,image/jpeg,171790,2017-02-19T00:04:56,2,,,,,,0,,,,,, 
http://snapcats.org/pictures/donationboxnew.jpg,TRUE,image/jpeg,268863,2017-02-19T00:01:03,2,,,,,,0,,,,,, 
http://snapcats.org/pictures/snowyrescued565.jpg,TRUE,image/jpeg,256859,2017-03-20T00:16:59,2,,,,,,0,,,,,, 
http://snapcats.org/pictures/squeekinfpcrop200.jpg,TRUE,image/jpeg,30209,2017-02-19T00:08:11,2,,,,,,0,,,,,, 
http://snapcats.org/pictures/amazonwishlist2.png,TRUE,image/png,28405,2017-02-18T23:56:12,2,,,,,,0,,,,,, 
http://snapcats.org/pictures/orangepeg.png,TRUE,image/png,1150,2017-02-19T00:04:31,2,,,,,,0,,,,,, 
http://snapcats.org/pictures/dragbag200.jpg,TRUE,image/jpeg,26920,2017-02-19T00:01:06,2,,,,,,0,,,,,, 
http://snapcats.org/pictures/roccoandroxie2.jpg,TRUE,image/jpeg,34074,2017-09-04T20:20:02,2,,,,,,0,,,,,, 
http://snapcats.org/pictures/healdsburgbarnew.jpg,TRUE,image/jpeg,5085,2017-02-19T00:02:32,2,,,,,,0,,,,,, 
http://snapcats.org/pictures/squeeklfl200.jpg,TRUE,image/jpeg,22184,2017-02-19T00:08:11,2,,,,,,0,,,,,, 
http://snapcats.org/pictures/ickypoo.jpg,TRUE,image/jpeg,44217,2017-02-19T00:02:40,2,,,,,,0,,,,,, 
http://snapcats.org/pictures/petalumabarnew.jpg,TRUE,image/jpeg,4214,2017-02-19T00:05:02,2,,,,,,0,,,,,, 
http://snapcats.org/pictures/bisselpet.jpg,TRUE,image/jpeg,47079,2017-02-18T23:57:23,2,,,,,,0,,,,,, 
http://snapcats.org/pictures/rpcbarnew.jpg,TRUE,image/jpeg,8108,2017-02-19T00:07:15,2,,,,,,0,,,,,, 
http://snapcats.org/pictures/couturebluebar565.jpg,TRUE,image/jpeg,11350,2017-02-18T23:59:17,2,,,,,,0,,,,,, 
http://snapcats.org/pictures/smartcatlitter.jpg,TRUE,image/jpeg,96806,2017-09-04T20:31:30,2,,,,,,0,,,,,, 
http://snapcats.org/pictures/santarosabarnew.jpg,TRUE,image/jpeg,4797,2017-02-19T00:07:21,2,,,,,,0,,,,,, 
http://snapcats.org/pictures/wmft-shirt275pink.jpg,TRUE,image/jpeg,90694,2017-02-19T00:09:57,2,,,,,,0,,,,,, 
http://snapcats.org/pictures/naturesmiracleodorstain139.jpg,TRUE,image/jpeg,44228,2017-02-19T00:04:16,2,,,,,,0,,,,,, 
http://snapcats.org/pictures/seboccbarnew.jpg,TRUE,image/jpeg,9035,2017-02-19T00:07:27,2,,,,,,0,,,,,, 
http://snapcats.org/pictures/wvnt-shirt275blue.jpg,TRUE,image/jpeg,104007,2017-02-19T00:09:58,2,,,,,,0,,,,,, 
http://snapcats.org/pictures/windsorbarnew.jpg,TRUE,image/jpeg,3929,2017-02-19T00:09:55,2,,,,,,0,,,,,, 
http://snapcats.org/pictures/puppypads215.jpg,TRUE,image/jpeg,34942,2017-02-19T00:06:48,2,,,,,,0,,,,,, 
http://snapcats.org/pictures/t-shirt275.jpg,TRUE,image/jpeg,92069,2017-02-19T00:08:26,2,,,,,,0,,,,,, 
http://snapcats.org/pictures/electronicframe2.jpg,TRUE,image/jpeg,23494,2017-02-19T00:01:20,2,,,,,,0,,,,,, 
http://snapcats.org/pictures/bountytowels275.jpg,TRUE,image/jpeg,101110,2017-02-18T23:57:37,2,,,,,,0,,,,,, 
http://snapcats.org/pictures/stonehat275.jpg,TRUE,image/jpeg,102823,2017-02-19T00:08:14,2,,,,,,0,,,,,, 
http://snapcats.org/pictures/boxesmapbar.jpg,TRUE,image/jpeg,2983,2017-02-18T23:57:38,2,,,,,,0,,,,,, 
http://snapcats.org/pictures/toiletpaper275.jpg,TRUE,image/jpeg,59731,2017-02-19T00:09:19,2,,,,,,0,,,,,, 
http://snapcats.org/pictures/stonehatback275.jpg,TRUE,image/jpeg,108108,2017-02-19T00:08:15,2,,,,,,0,,,,,, 
http://snapcats.org/pictures/laundrydetergent.jpg,TRUE,image/jpeg,87690,2017-02-19T00:03:10,2,,,,,,0,,,,,, 
http://snapcats.org/pictures/tan-blackhat275.jpg,TRUE,image/jpeg,92182,2017-02-19T00:08:28,2,,,,,,0,,,,,, 
http://snapcats.org/pictures/tan-blackhatback275.jpg,TRUE,image/jpeg,95734,2017-02-19T00:08:29,2,,,,,,0,,,,,, 
http://snapcats.org/pictures/bleach.jpg,TRUE,image/jpeg,132208,2017-02-18T23:57:27,2,,,,,,0,,,,,, 
http://snapcats.org/pictures/promoteusbluebar.jpg,TRUE,image/jpeg,10038,2017-02-19T00:06:40,2,,,,,,0,,,,,, 
http://snapcats.org/pictures/ff.jpg,TRUE,image/jpeg,5598,2017-02-19T00:01:42,3,,,,,,0,,,,,, 
http://snapcats.org/pictures/car-door-magnets.jpg,TRUE,image/jpeg,32723,2017-02-18T23:57:55,2,,,,,,0,,,,,, 
http://snapcats.org/pictures/brewster114.jpg,TRUE,image/jpeg,35314,2017-02-18T23:57:40,3,,,,,,0,,,,,, 
http://snapcats.org/pictures/smallmagnet225.jpg,TRUE,image/jpeg,38341,2017-02-19T00:07:44,2,,,,,,0,,,,,, 
http://snapcats.org/pictures/pancake114.jpg,TRUE,image/jpeg,18263,2017-02-19T00:04:38,3,,,,,,0,,,,,, 
http://snapcats.org/pictures/poster1.jpg,TRUE,image/jpeg,64842,2017-02-19T00:06:34,2,,,,,,0,,,,,, 
http://snapcats.org/pictures/cupcake114.jpg,TRUE,image/jpeg,15792,2017-02-18T23:59:21,3,,,,,,0,,,,,, 
http://snapcats.org/pictures/brochure.jpg,TRUE,image/jpeg,68440,2017-02-18T23:57:42,2,,,,,,0,,,,,, 
http://snapcats.org/pictures/bw114.jpg,TRUE,image/jpeg,17962,2017-02-18T23:57:52,3,,,,,,0,,,,,, 
http://snapcats.org/pictures/bizcard.jpg,TRUE,image/jpeg,22382,2017-02-18T23:57:23,2,,,,,,0,,,,,, 
http://snapcats.org/pictures/larry114.jpg,TRUE,image/jpeg,11299,2017-02-19T00:03:09,3,,,,,,0,,,,,, 
http://snapcats.org/pictures/hubble114.jpg,TRUE,image/jpeg,18374,2017-02-19T00:02:39,3,,,,,,0,,,,,, 
http://snapcats.org/pictures/teddy114.jpg,TRUE,image/jpeg,15352,2017-02-19T00:08:34,3,,,,,,0,,,,,, 
http://snapcats.org/pictures/qrcodebizcard114.png,TRUE,image/png,394,2017-02-19T00:06:48,3,,,,,,0,,,,,, 
http://snapcats.org/pictures/involvedbar.jpg,TRUE,image/jpeg,6787,2017-02-19T00:02:45,3,,,,,,0,,,,,, 
http://snapcats.org/pictures/volunteer1.jpg,TRUE,image/jpeg,89884,2017-02-19T00:09:39,3,,,,,,0,,,,,, 
http://snapcats.org/pictures/sponsorshippagelogo.jpg,TRUE,image/jpeg,30434,2017-02-19T00:08:05,3,,,,,,0,,,,,, 
http://snapcats.org/pictures/benefitthankyou.png,TRUE,image/png,9194,2017-02-18T23:57:20,3,,,,,,0,,,,,, 
http://snapcats.org/pictures/bigticketimage.jpg,TRUE,image/jpeg,74122,2017-02-18T23:57:22,3,,,,,,0,,,,,, 
http://snapcats.org/pictures/darrylssignature200.jpg,TRUE,image/jpeg,12781,2017-02-18T23:59:29,3,,,,,,0,,,,,, 
http://snapcats.org/pictures/wedobar.jpg,TRUE,image/jpeg,3520,2017-02-19T00:09:51,3,,,,,,0,,,,,, 
http://snapcats.org/pictures/panviewkittenroom565.jpg,TRUE,image/jpeg,203040,2017-02-19T00:04:44,3,Sponsor Kitten Room,,,,,0,,,,,, 
http://snapcats.org/pictures/trussceiling.jpg,TRUE,image/jpeg,200188,2017-02-19T00:09:23,3,Sponsor Cathedral Ceiling in Kitten Room,,,,,0,,,,,, 
http://snapcats.org/pictures/deckwish.jpg,TRUE,image/jpeg,255894,2017-02-18T23:59:44,3,Sponsor Building a Deck at the Entrance to Kitten Room,,,,,0,,,,,, 
http://snapcats.org/pictures/catiowish.jpg,TRUE,image/jpeg,362409,2017-02-18T23:58:03,3,Sponsor Building a SNAP Catio off of our Jazz (FeLV+) Room,,,,,0,,,,,, 
http://snapcats.org/pictures/floorwish.jpg,TRUE,image/jpeg,201613,2017-02-19T00:01:44,3,Sponsor Flooring in Kitten Room,,,,,0,,,,,, 
http://snapcats.org/pictures/drywallwish.jpg,TRUE,image/jpeg,91432,2017-02-19T00:01:06,3,Sponsor Repair of Kitten Room Walls,,,,,0,,,,,, 
http://snapcats.org/pictures/mswordicon1.jpg,TRUE,image/jpeg,1159,2017-02-19T00:04:10,3,,,,,,0,,,,,, 
http://snapcats.org/pictures/shedwish.jpg,TRUE,image/jpeg,258872,2017-02-19T00:07:32,3,Sponsor a Storage/ISO Building,,,,,0,,,,,, 
http://snapcats.org/pictures/bottlekitten.jpg,TRUE,image/jpeg,31185,2017-02-18T23:57:37,3,,,,,,0,,,,,, 
http://snapcats.org/pictures/paintwish.jpg,TRUE,image/jpeg,285248,2017-02-19T00:04:38,3,Sponsor Painting our Kitten Room,,,,,0,,,,,, 
http://snapcats.org/pictures/split.jpg,TRUE,image/jpeg,157712,2017-02-19T00:08:02,3,Sponsor the Split Heater/Air Conditioner in our Kitten Room,,,,,0,,,,,, 
http://snapcats.org/pictures/frenchdoors.jpg,TRUE,image/jpeg,150959,2017-02-19T00:01:48,3,Sponsor Repacing Entrance Doors to Kitten Room,,,,,0,,,,,, 
http://snapcats.org/pictures/washerwish.jpg,TRUE,image/jpeg,192426,2017-02-19T00:09:42,3,Sponsor New Washer & Dryer,,,,,0,,,,,, 
http://snapcats.org/pictures/facebook3.jpg,TRUE,image/jpeg,364310,2017-02-19T00:01:38,3,,,,,,0,,,,,, 
http://snapcats.org/pictures/greenshingles.jpg,TRUE,image/jpeg,11226,2017-02-19T00:02:20,3,Sponsor Materials for Refurbishing Old Shed,,,,,0,,,,,, 
http://snapcats.org/pictures/catbreedsbluebar.jpg,TRUE,image/jpeg,7992,2017-02-18T23:57:57,3,,,,,,0,,,,,, 
http://snapcats.org/pictures/woodsidingwish.jpg,TRUE,image/jpeg,42583,2017-02-19T00:09:57,3,Sponsor Materials for Refurbishing Old Shed,,,,,0,,,,,, 
http://snapcats.org/pictures/catbreedslogo565.jpg,TRUE,image/jpeg,118620,2017-02-18T23:57:58,3,,,,,,0,,,,,, 
http://snapcats.org/pictures/affection.jpg,TRUE,image/jpeg,4478,2017-02-18T23:56:10,3,,,,,,0,,,,,, 
http://snapcats.org/pictures/winixpurifier.jpg,TRUE,image/jpeg,219289,2017-02-19T00:09:56,3,Sponsor Three WINIX Air Purifiers,,,,,0,,,,,, 
http://snapcats.org/pictures/abyssinian-small.jpg,TRUE,image/jpeg,3816,2017-02-18T23:56:03,3,Abyssinian,,,,,0,,,,,, 
http://snapcats.org/pictures/aggressive.jpg,TRUE,image/jpeg,4213,2017-02-18T23:56:10,3,,,,,,0,,,,,, 
http://snapcats.org/pictures/american-bobtail-small.png,TRUE,image/png,9922,2017-02-18T23:56:12,3,American Bobtail,,,,,0,,,,,, 
http://snapcats.org/pictures/bored.jpg,TRUE,image/jpeg,3265,2017-02-18T23:57:36,3,,,,,,0,,,,,, 
http://snapcats.org/pictures/american-curl-small.png,TRUE,image/png,11319,2017-02-18T23:56:13,3,American Curl,,,,,0,,,,,, 
http://snapcats.org/pictures/illness.jpg,TRUE,image/jpeg,5969,2017-02-19T00:02:40,3,,,,,,0,,,,,, 
http://snapcats.org/pictures/cerebellar-hypoplasia.gif,TRUE,image/gif,,,0,,,,,,1,,,,,, 
http://snapcats.org/pictures/american-shorthair-small.jpg,TRUE,image/jpeg,4126,2017-02-18T23:56:13,3,American Shorthair,,,,,0,,,,,, 
http://snapcats.org/pictures/overstimulated.jpg,TRUE,image/jpeg,7709,2017-02-19T00:04:36,3,,,,,,0,,,,,, 
http://snapcats.org/pictures/american-wirehair-small.png,TRUE,image/png,8747,2017-02-18T23:56:14,3,American Wirehair,,,,,0,,,,,, 
http://snapcats.org/pictures/relax.jpg,TRUE,image/jpeg,6873,2017-02-19T00:06:56,3,,,,,,0,,,,,, 
http://snapcats.org/pictures/balinese-small.png,TRUE,image/png,9178,2017-02-18T23:56:35,3,Balinese,,,,,0,,,,,, 
http://snapcats.org/pictures/bengal-small.jpg,TRUE,image/jpeg,4016,2017-02-18T23:57:20,3,Bengal,,,,,0,,,,,, 
http://snapcats.org/pictures/birman-small.png,TRUE,image/png,8876,2017-02-18T23:57:22,3,Birman,,,,,0,,,,,, 
http://snapcats.org/pictures/bombay-small.jpg,TRUE,image/jpeg,3251,2017-02-18T23:57:32,3,Bombay,,,,,0,,,,,, 
http://snapcats.org/pictures/british-shorthair-small.png,TRUE,image/png,10196,2017-02-18T23:57:41,3,British Shorthair,,,,,0,,,,,, 
http://snapcats.org/pictures/catfood.jpg,TRUE,image/jpeg,31644,2017-02-18T23:57:59,3,,,,,,0,,,,,, 
http://snapcats.org/pictures/burmese-small.jpg,TRUE,image/jpeg,4311,2017-02-18T23:57:46,3,Burmese,,,,,0,,,,,, 
http://snapcats.org/pictures/burmilla-small.jpg,TRUE,image/jpeg,2693,2017-02-18T23:57:46,3,Burmilla,,,,,0,,,,,, 
http://snapcats.org/pictures/chartreux-small.png,TRUE,image/png,9559,2017-02-18T23:58:45,3,Chartreux,,,,,0,,,,,, 
http://snapcats.org/pictures/chinese-li-hua-small.jpg,TRUE,image/jpeg,3350,2017-02-18T23:58:55,3,Chinese Li Hua,,,,,0,,,,,, 
http://snapcats.org/pictures/colorpoint-shorthair-small.png,TRUE,image/png,5595,2017-02-18T23:59:06,3,Colorpoint Shorthair,,,,,0,,,,,, 
http://snapcats.org/pictures/cornish-rex-small.png,TRUE,image/png,7666,2017-02-18T23:59:13,3,Cornish Rex,,,,,0,,,,,, 
http://snapcats.org/pictures/cymrc-small.png,TRUE,image/png,9633,2017-02-18T23:59:22,3,Cymric,,,,,0,,,,,, 
http://snapcats.org/pictures/devon-rex-small.jpg,TRUE,image/jpeg,3271,2017-02-18T23:59:46,3,Devon Rex,,,,,0,,,,,, 
http://snapcats.org/pictures/egyptian-mau-small.jpg,TRUE,image/jpeg,3517,2017-02-19T00:01:18,3,Egyptian Mau,,,,,0,,,,,, 
http://snapcats.org/pictures/european-burmese-small.png,TRUE,image/png,9110,2017-02-19T00:01:32,3,European Burmese,,,,,0,,,,,, 
http://snapcats.org/pictures/exotic-small.png,TRUE,image/png,9419,2017-02-19T00:01:35,3,Exotic,,,,,0,,,,,, 
http://snapcats.org/pictures/havana-brown-small.png,TRUE,image/png,7760,2017-02-19T00:02:31,3,Havana Brown,,,,,0,,,,,, 
http://snapcats.org/pictures/himalayan-small.png,TRUE,image/png,9698,2017-02-19T00:02:37,3,Himalayan,,,,,0,,,,,, 
http://snapcats.org/pictures/japanese-bobtail-small.png,TRUE,image/png,9065,2017-02-19T00:02:46,3,Japanese Bobtail,,,,,0,,,,,, 
http://snapcats.org/pictures/javanese-small.png,TRUE,image/png,6709,2017-02-19T00:02:47,3,Javanese,,,,,0,,,,,, 
http://snapcats.org/pictures/korat-small.png,TRUE,image/png,8489,2017-02-19T00:02:58,3,Korat,,,,,0,,,,,, 
http://snapcats.org/pictures/laperm-small.png,TRUE,image/png,9929,2017-02-19T00:03:00,3,Laperm,,,,,0,,,,,, 
http://snapcats.org/pictures/maine-coon-small.jpg,TRUE,image/jpeg,3302,2017-02-19T00:03:49,3,Maine Coon,,,,,0,,,,,, 
http://snapcats.org/pictures/manx-small.png,TRUE,image/png,8470,2017-02-19T00:03:51,3,Manx,,,,,0,,,,,, 
http://snapcats.org/pictures/nebelung-small.png,TRUE,image/png,9089,2017-02-19T00:04:16,3,Nebelung,,,,,0,,,,,, 
http://snapcats.org/pictures/norwegian-forest-small.png,TRUE,image/png,10380,2017-02-19T00:04:25,3,Norwegian Forest,,,,,0,,,,,, 
http://snapcats.org/pictures/ocicat-small.png,TRUE,image/png,10145,2017-02-19T00:04:27,3,Ocicat,,,,,0,,,,,, 
http://snapcats.org/pictures/oriental-small.png,TRUE,image/png,8884,2017-02-19T00:04:31,3,Oriental,,,,,0,,,,,, 
http://snapcats.org/pictures/persian-small.png,TRUE,image/png,11057,2017-02-19T00:04:58,3,Persian,,,,,0,,,,,, 
http://snapcats.org/pictures/ragamuffin-small.png,TRUE,image/png,10486,2017-02-19T00:06:50,3,Ragamuffin,,,,,0,,,,,, 
http://snapcats.org/pictures/ragdoll-small.png,TRUE,image/png,10396,2017-02-19T00:06:50,3,Ragdoll,,,,,0,,,,,, 
http://snapcats.org/pictures/russian-blue-small.jpg,TRUE,image/jpeg,3193,2017-02-19T00:07:16,3,Russian Blue,,,,,0,,,,,, 
http://snapcats.org/pictures/savannah-small.jpg,TRUE,image/jpeg,3125,2017-02-19T00:07:23,3,Savannah,,,,,0,,,,,, 
http://snapcats.org/pictures/scottish-fold-small.png,TRUE,image/png,9806,2017-02-19T00:07:26,3,Scottish Fold,,,,,0,,,,,, 
http://snapcats.org/pictures/selkirk-rex-small.png,TRUE,image/png,10722,2017-02-19T00:07:27,3,Selkirk Rex,,,,,0,,,,,, 
http://snapcats.org/pictures/siamese-small.jpg,TRUE,image/jpeg,3178,2017-02-19T00:07:35,3,Siamese,,,,,0,,,,,, 
http://snapcats.org/pictures/siberian-small.png,TRUE,image/png,11029,2017-02-19T00:07:35,3,Siberian,,,,,0,,,,,, 
http://snapcats.org/pictures/singapura-small.png,TRUE,image/png,11519,2017-02-19T00:07:37,3,Singapura,,,,,0,,,,,, 
http://snapcats.org/pictures/Snowshoe-small.jpg,TRUE,image/jpeg,3479,2017-02-19T00:07:57,3,Snowshoe,,,,,0,,,,,, 
http://snapcats.org/pictures/somali-small.jpg,TRUE,image/jpeg,3890,2017-02-19T00:07:58,3,Somali,,,,,0,,,,,, 
http://snapcats.org/pictures/sphynx-small.jpg,TRUE,image/jpeg,3195,2017-02-19T00:08:01,3,Sphynx,,,,,0,,,,,, 
http://snapcats.org/pictures/tonkinese-small.jpg,TRUE,image/jpeg,3613,2017-02-19T00:09:20,3,Tonkinese,,,,,0,,,,,, 
http://snapcats.org/pictures/turkish-angora-small.png,TRUE,image/png,8100,2017-02-19T00:09:29,3,Turkish Angora,,,,,0,,,,,, 
http://snapcats.org/pictures/turkish-van-small.jpg,TRUE,image/jpeg,2695,2017-02-19T00:09:29,3,Turkish Van,,,,,0,,,,,, 
http://snapcats.org/pictures/barncatsbluebar.jpg,TRUE,image/jpeg,14700,2017-02-18T23:56:44,3,,,,,,0,,,,,, 
http://snapcats.org/pictures/boris565.jpg,TRUE,image/jpeg,222175,2017-02-18T23:57:37,3,,,,,,0,,,,,, 
http://snapcats.org/pictures/cheddar2565.jpg,TRUE,image/jpeg,194402,2017-02-18T23:58:50,3,,,,,,0,,,,,, 
http://snapcats.org/pictures/thumbelina565.jpg,TRUE,image/jpeg,143290,2017-02-19T00:09:02,3,,,,,,0,,,,,, 
http://snapcats.org/pictures/adoptionsbluebar565.jpg,TRUE,image/jpeg,7583,2017-02-18T23:56:08,3,,,,,,0,,,,,, 
http://snapcats.org/pictures/blindkitten215.jpg,TRUE,image/jpeg,44840,2018-01-08T22:39:30,3,,,,,,0,,,,,, 
http://snapcats.org/pictures/pompom215.jpg,TRUE,image/jpeg,41228,2018-01-08T22:37:50,3,,,,,,0,,,,,, 
http://snapcats.org/pictures/lucy215.jpg,TRUE,image/jpeg,47495,2018-01-08T22:37:45,3,,,,,,0,,,,,, 
http://snapcats.org/pictures/joaquin215.jpg,TRUE,image/jpeg,43573,2017-12-16T00:43:08,3,,,,,,0,,,,,, 
http://snapcats.org/pictures/simon215.jpg,TRUE,image/jpeg,37293,2017-12-15T23:53:52,3,,,,,,0,,,,,, 
http://snapcats.org/pictures/marley215.jpg,TRUE,image/jpeg,50071,2017-11-21T18:10:50,3,,,,,,0,,,,,, 
http://snapcats.org/pictures/mickey215.jpg,TRUE,image/jpeg,46246,2017-11-01T21:43:35,3,,,,,,0,,,,,, 
http://snapcats.org/pictures/rex215.jpg,TRUE,image/jpeg,40265,2017-11-01T21:43:22,3,,,,,,0,,,,,, 
http://snapcats.org/pictures/gwen215.jpg,TRUE,image/jpeg,46810,2017-07-23T17:01:24,3,,,,,,0,,,,,, 
http://snapcats.org/pictures/melodynew215.jpg,TRUE,image/jpeg,54300,2017-06-13T23:29:34,3,,,,,,0,,,,,, 
http://snapcats.org/pictures/tweetie215.jpg,TRUE,image/jpeg,44164,2017-07-07T20:19:19,3,,,,,,0,,,,,, 
http://snapcats.org/pictures/kamikaznew215.jpg,TRUE,image/jpeg,44271,2017-07-07T20:19:13,3,,,,,,0,,,,,, 
http://snapcats.org/pictures/brewster215.jpg,TRUE,image/jpeg,51720,2017-04-16T23:23:46,3,,,,,,0,,,,,, 
http://snapcats.org/pictures/gingie215.jpg,TRUE,image/jpeg,44214,2017-04-16T23:23:56,3,,,,,,0,,,,,, 
http://snapcats.org/pictures/rusty215.jpg,TRUE,image/jpeg,40653,2017-03-14T00:25:18,3,,,,,,0,,,,,, 
http://snapcats.org/pictures/rowdy215.jpg,TRUE,image/jpeg,40693,2017-03-14T00:25:14,3,,,,,,0,,,,,, 
http://snapcats.org/pictures/sly215.jpg,TRUE,image/jpeg,38752,2017-04-01T19:40:45,3,,,,,,0,,,,,, 
http://snapcats.org/pictures/georgia215.jpg,TRUE,image/jpeg,48042,2017-04-01T19:40:40,3,,,,,,0,,,,,, 
http://snapcats.org/pictures/snowy215.jpg,TRUE,image/jpeg,45259,2017-03-14T00:20:22,3,,,,,,0,,,,,, 
http://snapcats.org/pictures/zubi215.jpg,TRUE,image/jpeg,36708,2017-03-14T00:19:49,3,,,,,,0,,,,,, 
http://snapcats.org/pictures/alex215.jpg,TRUE,image/jpeg,44348,2017-03-14T00:18:13,3,,,,,,0,,,,,, 
http://snapcats.org/pictures/skye215.jpg,TRUE,image/jpeg,42519,2017-02-24T01:42:57,3,,,,,,0,,,,,, 
http://snapcats.org/pictures/bear215.jpg,TRUE,image/jpeg,37361,2017-02-24T01:42:50,3,,,,,,0,,,,,, 
http://snapcats.org/pictures/sharla215.jpg,TRUE,image/jpeg,44536,2017-02-19T00:07:28,3,,,,,,0,,,,,, 
http://snapcats.org/pictures/tess215.jpg,TRUE,image/jpeg,47850,2017-02-19T00:08:53,3,,,,,,0,,,,,, 
http://snapcats.org/pictures/marvelina215.jpg,TRUE,image/jpeg,43661,2017-02-19T00:03:55,3,,,,,,0,,,,,, 
http://snapcats.org/pictures/quinn215.jpg,TRUE,image/jpeg,54686,2017-02-19T00:06:49,3,,,,,,0,,,,,, 
http://snapcats.org/pictures/drz215.jpg,TRUE,image/jpeg,41533,2017-02-19T00:01:06,3,,,,,,0,,,,,, 
http://snapcats.org/pictures/mrr215.jpg,TRUE,image/jpeg,48044,2017-02-19T00:04:09,3,,,,,,0,,,,,, 
http://snapcats.org/pictures/elvis215.jpg,TRUE,image/jpeg,36455,2017-02-19T00:01:20,3,,,,,,0,,,,,, 
http://snapcats.org/pictures/ruby215.jpg,TRUE,image/jpeg,38732,2017-02-19T00:07:16,3,,,,,,0,,,,,, 
http://snapcats.org/pictures/cupcake215.jpg,TRUE,image/jpeg,44972,2017-02-18T23:59:21,3,,,,,,0,,,,,, 
http://snapcats.org/pictures/powder215.jpg,TRUE,image/jpeg,43459,2017-02-19T00:06:35,3,,,,,,0,,,,,, 
http://snapcats.org/pictures/bijou215.jpg,TRUE,image/jpeg,42520,2017-02-18T23:57:22,3,,,,,,0,,,,,, 
http://snapcats.org/pictures/pancake215.jpg,TRUE,image/jpeg,46679,2017-02-19T00:04:38,3,,,,,,0,,,,,, 
http://snapcats.org/pictures/attie215.jpg,TRUE,image/jpeg,38689,2017-02-18T23:56:19,3,,,,,,0,,,,,, 
http://snapcats.org/pictures/boxes215.jpg,TRUE,image/jpeg,48566,2017-02-18T23:57:38,3,,,,,,0,,,,,, 
http://snapcats.org/pictures/maggiemay215.jpg,TRUE,image/jpeg,47773,2017-02-19T00:03:48,3,,,,,,0,,,,,, 
http://snapcats.org/pictures/charlie215.jpg,TRUE,image/jpeg,40746,2017-02-18T23:58:15,3,,,,,,0,,,,,, 
http://snapcats.org/pictures/crystal215.jpg,TRUE,image/jpeg,35513,2017-02-18T23:59:21,3,,,,,,0,,,,,, 
http://snapcats.org/pictures/prancer215.jpg,TRUE,image/jpeg,45956,2017-02-19T00:06:36,3,,,,,,0,,,,,, 
http://snapcats.org/pictures/noelle215.jpg,TRUE,image/jpeg,44269,2017-02-19T00:04:24,3,,,,,,0,,,,,, 
http://snapcats.org/pictures/willie215.jpg,TRUE,image/jpeg,42289,2017-02-19T00:09:54,3,,,,,,0,,,,,, 
http://snapcats.org/pictures/leia215.jpg,TRUE,image/jpeg,54196,2017-02-19T00:03:14,3,,,,,,0,,,,,, 
http://snapcats.org/pictures/sherpa215.jpg,TRUE,image/jpeg,38689,2017-02-19T00:07:32,3,,,,,,0,,,,,, 
http://snapcats.org/pictures/teddynew215.jpg,TRUE,image/jpeg,41433,2017-02-19T00:08:46,3,,,,,,0,,,,,, 
http://snapcats.org/pictures/cera215.jpg,TRUE,image/jpeg,37435,2017-02-18T23:58:06,3,,,,,,0,,,,,, 
http://snapcats.org/pictures/bizzy215.jpg,TRUE,image/jpeg,41682,2017-02-18T23:57:24,3,,,,,,0,,,,,, 
http://snapcats.org/pictures/bw215.jpg,TRUE,image/jpeg,30593,2017-02-18T23:57:52,3,,,,,,0,,,,,, 
http://snapcats.org/pictures/doran215.jpg,TRUE,image/jpeg,52896,2017-02-19T00:01:04,3,,,,,,0,,,,,, 
http://snapcats.org/pictures/tiger215.jpg,TRUE,image/jpeg,40456,2017-02-19T00:09:11,3,,,,,,0,,,,,, 
http://snapcats.org/pictures/calico215.png,TRUE,image/png,49717,2017-02-18T23:57:54,3,,,,,,0,,,,,, 
http://snapcats.org/pictures/sam215.jpg,TRUE,image/jpeg,55777,2017-02-19T00:07:18,3,,,,,,0,,,,,, 
http://snapcats.org/pictures/shadow215.jpg,TRUE,image/jpeg,43282,2017-02-19T00:07:28,3,,,,,,0,,,,,, 
http://snapcats.org/pictures/stocky215.jpg,TRUE,image/jpeg,49379,2017-02-19T00:08:14,3,,,,,,0,,,,,, 
http://snapcats.org/pictures/emy215.jpg,TRUE,image/jpeg,41490,2017-02-19T00:01:22,3,,,,,,0,,,,,, 
http://snapcats.org/pictures/lucky215.jpg,TRUE,image/jpeg,20603,2017-02-19T00:03:46,3,,,,,,0,,,,,, 
http://snapcats.org/pictures/lisa215.png,TRUE,image/png,40061,2017-02-19T00:03:16,3,,,,,,0,,,,,, 
http://snapcats.org/pictures/mininew215.jpg,TRUE,image/jpeg,47866,2017-02-19T00:04:04,3,,,,,,0,,,,,, 
http://snapcats.org/pictures/bliss215.jpg,TRUE,image/jpeg,25871,2017-02-18T23:57:28,3,,,,,,0,,,,,, 
http://snapcats.org/pictures/bella215.jpg,TRUE,image/jpeg,56963,2017-02-18T23:57:16,3,,,,,,0,,,,,, 
http://snapcats.org/pictures/suzy215.jpg,TRUE,image/jpeg,62628,2017-02-19T00:08:21,3,,,,,,0,,,,,, 
http://snapcats.org/pictures/sandy215.jpg,TRUE,image/jpeg,40242,2017-02-19T00:07:19,3,,,,,,0,,,,,, 
http://snapcats.org/pictures/angel215.jpg,TRUE,image/jpeg,37441,2017-02-18T23:56:17,3,,,,,,0,,,,,, 
http://snapcats.org/pictures/lionheart215.jpg,TRUE,image/jpeg,36170,2017-02-19T00:03:16,3,,,,,,0,,,,,, 
http://snapcats.org/pictures/alee215.jpg,TRUE,image/jpeg,64386,2017-02-18T23:56:10,3,,,,,,0,,,,,, 
http://snapcats.org/pictures/beachboy215.jpg,TRUE,image/jpeg,26382,2017-02-18T23:57:12,3,,,,,,0,,,,,, 
http://snapcats.org/pictures/bodie215.jpg,TRUE,image/jpeg,50379,2017-02-18T23:57:31,3,,,,,,0,,,,,, 
http://snapcats.org/pictures/rainbow215.jpg,TRUE,image/jpeg,40342,2017-02-19T00:06:51,3,,,,,,0,,,,,, 
http://snapcats.org/pictures/mama215.png,TRUE,image/png,62840,2017-02-19T00:03:50,3,,,,,,0,,,,,, 
http://snapcats.org/pictures/tiki215.jpg,TRUE,image/jpeg,41713,2017-02-19T00:09:12,3,,,,,,0,,,,,, 
http://snapcats.org/pictures/mi215.jpg,TRUE,image/jpeg,43092,2017-02-19T00:04:02,3,,,,,,0,,,,,, 
http://snapcats.org/pictures/wilbur215.jpg,TRUE,image/jpeg,41122,2017-02-19T00:09:54,3,,,,,,0,,,,,, 
http://snapcats.org/pictures/ngaio215.jpg,TRUE,image/jpeg,46858,2017-02-19T00:04:19,3,,,,,,0,,,,,, 
http://snapcats.org/pictures/ace215.jpg,TRUE,image/jpeg,41038,2017-02-18T23:56:05,3,,,,,,0,,,,,, 
http://snapcats.org/pictures/victor215.jpg,TRUE,image/jpeg,30779,2017-02-19T00:09:34,3,,,,,,0,,,,,, 
http://snapcats.org/pictures/ringo215.jpg,TRUE,image/jpeg,39090,2017-02-19T00:07:02,3,,,,,,0,,,,,, 
http://snapcats.org/pictures/pearl215.jpg,TRUE,image/jpeg,38948,2017-02-19T00:04:57,3,,,,,,0,,,,,, 
http://snapcats.org/pictures/sara215.jpg,TRUE,image/jpeg,35210,2017-02-19T00:07:21,3,,,,,,0,,,,,, 
http://snapcats.org/pictures/pepper215.jpg,TRUE,image/jpeg,37401,2017-02-19T00:04:57,3,,,,,,0,,,,,, 
http://snapcats.org/pictures/satchelnew215.jpg,TRUE,image/jpeg,43916,2017-02-19T00:07:23,3,,,,,,0,,,,,, 
http://snapcats.org/pictures/sophiealameda215.jpg,TRUE,image/jpeg,46499,2017-02-19T00:07:59,3,,,,,,0,,,,,, 
http://snapcats.org/pictures/roxy215.jpg,TRUE,image/jpeg,48073,2017-02-19T00:07:14,3,,,,,,0,,,,,, 
http://snapcats.org/pictures/sooty215.jpg,TRUE,image/jpeg,50853,2017-02-19T00:07:59,3,,,,,,0,,,,,, 
http://snapcats.org/pictures/wookie215.jpg,TRUE,image/jpeg,57072,2017-02-19T00:09:57,3,,,,,,0,,,,,, 
http://snapcats.org/pictures/pogo215.png,TRUE,image/png,49858,2017-02-19T00:06:19,3,,,,,,0,,,,,, 
http://snapcats.org/pictures/mm215.jpg,TRUE,image/jpeg,47715,2017-02-19T00:04:06,3,,,,,,0,,,,,, 
http://snapcats.org/pictures/simba215.jpg,TRUE,image/jpeg,38846,2017-02-19T00:07:36,3,,,,,,0,,,,,, 
http://snapcats.org/pictures/manxine215.jpg,TRUE,image/jpeg,47216,2017-02-19T00:03:52,3,,,,,,0,,,,,, 
http://snapcats.org/pictures/angelbaby215.jpg,TRUE,image/jpeg,47848,2017-02-18T23:56:18,3,,,,,,0,,,,,, 
http://snapcats.org/pictures/anna215.jpg,TRUE,image/jpeg,43224,2017-02-18T23:56:18,3,,,,,,0,,,,,, 
http://snapcats.org/pictures/lilly215.jpg,TRUE,image/jpeg,31136,2017-02-19T00:03:15,3,,,,,,0,,,,,, 
http://snapcats.org/pictures/kitkat215.jpg,TRUE,image/jpeg,32588,2017-02-19T00:02:52,3,,,,,,0,,,,,, 
http://snapcats.org/pictures/tink215.jpg,TRUE,image/jpeg,51451,2017-02-19T00:09:13,3,,,,,,0,,,,,, 
http://snapcats.org/pictures/garfield215.jpg,TRUE,image/jpeg,43227,2017-02-19T00:02:05,3,,,,,,0,,,,,, 
http://snapcats.org/pictures/monkey215.jpg,TRUE,image/jpeg,41622,2017-02-19T00:04:07,3,,,,,,0,,,,,, 
http://snapcats.org/pictures/jack215.jpg,TRUE,image/jpeg,31609,2017-02-19T00:02:46,3,,,,,,0,,,,,, 
http://snapcats.org/pictures/kitty215.jpg,TRUE,image/jpeg,43297,2017-02-19T00:02:55,3,,,,,,0,,,,,, 
http://snapcats.org/pictures/joannew215.jpg,TRUE,image/jpeg,31764,2017-02-19T00:02:50,3,,,,,,0,,,,,, 
http://snapcats.org/pictures/josh215.jpg,TRUE,image/jpeg,24639,2017-02-19T00:02:50,3,,,,,,0,,,,,, 
http://snapcats.org/pictures/mandyscas215.jpg,TRUE,image/jpeg,36109,2017-02-19T00:03:51,3,,,,,,0,,,,,, 
http://snapcats.org/pictures/sophie215.jpg,TRUE,image/jpeg,31454,2017-02-21T01:25:04,3,,,,,,0,,,,,, 
http://snapcats.org/pictures/kateskittens215.jpg,TRUE,image/jpeg,38589,2017-02-19T00:02:51,3,,,,,,0,,,,,, 
http://snapcats.org/pictures/bootoo215.jpg,TRUE,image/jpeg,32624,2017-02-18T23:57:34,3,,,,,,0,,,,,, 
http://snapcats.org/pictures/bobmanx215.jpg,TRUE,image/jpeg,35665,2017-02-18T23:57:30,3,,,,,,0,,,,,, 
http://snapcats.org/pictures/malcolm215.jpg,TRUE,image/jpeg,32559,2017-02-19T00:03:49,3,,,,,,0,,,,,, 
http://snapcats.org/pictures/boo215.jpg,TRUE,image/jpeg,28644,2017-02-18T23:57:34,3,,,,,,0,,,,,, 
http://snapcats.org/pictures/ginger215.jpg,TRUE,image/jpeg,37192,2017-02-19T00:02:09,3,,,,,,0,,,,,, 
http://snapcats.org/pictures/kitzer215.jpg,TRUE,image/jpeg,32005,2017-02-19T00:02:56,3,,,,,,0,,,,,, 
http://snapcats.org/pictures/oliver215.jpg,TRUE,image/jpeg,34270,2017-02-19T00:04:29,3,,,,,,0,,,,,, 
http://snapcats.org/pictures/pia215.jpg,TRUE,image/jpeg,31231,2017-02-19T00:05:07,3,,,,,,0,,,,,, 
http://snapcats.org/pictures/yoyo215.jpg,TRUE,image/jpeg,33041,2017-02-19T00:10:04,3,,,,,,0,,,,,, 
http://snapcats.org/pictures/sweetpea215.jpg,TRUE,image/jpeg,28310,2017-02-19T00:08:22,3,,,,,,0,,,,,, 
http://snapcats.org/pictures/squeekinfpcrop215.jpg,TRUE,image/jpeg,30079,2017-02-19T00:08:11,3,,,,,,0,,,,,, 
http://snapcats.org/pictures/fezzik215.jpg,TRUE,image/jpeg,21538,2017-02-19T00:01:42,3,,,,,,0,,,,,, 
http://snapcats.org/pictures/murphy215.jpg,TRUE,image/jpeg,27258,2017-02-19T00:04:10,3,,,,,,0,,,,,, 
http://snapcats.org/pictures/cinnabun215.jpg,TRUE,image/jpeg,21668,2017-02-18T23:58:58,3,,,,,,0,,,,,, 
http://snapcats.org/pictures/rosie215.jpg,TRUE,image/jpeg,42076,2017-02-19T00:07:14,3,,,,,,0,,,,,, 
http://snapcats.org/pictures/esmeralda215.jpg,TRUE,image/jpeg,63080,2017-02-19T00:01:32,3,,,,,,0,,,,,, 
http://snapcats.org/pictures/carmen215.jpg,TRUE,image/jpeg,20902,2017-02-18T23:57:56,3,,,,,,0,,,,,, 
http://snapcats.org/pictures/tashanew215.jpg,TRUE,image/jpeg,24170,2017-02-19T00:08:30,3,,,,,,0,,,,,, 
http://snapcats.org/pictures/audrey215.jpg,TRUE,image/jpeg,61481,2017-02-18T23:56:25,3,,,,,,0,,,,,, 
http://snapcats.org/pictures/zara215.jpg,TRUE,image/jpeg,26647,2017-02-19T00:10:05,3,,,,,,0,,,,,, 
http://snapcats.org/pictures/cookie215.jpg,TRUE,image/jpeg,21146,2017-02-18T23:59:12,3,,,,,,0,,,,,, 
http://snapcats.org/pictures/stormy215.jpg,TRUE,image/jpeg,32560,2017-02-19T00:08:16,3,,,,,,0,,,,,, 
http://snapcats.org/pictures/paddy215.jpg,TRUE,image/jpeg,29186,2017-02-19T00:04:37,3,,,,,,0,,,,,, 
http://snapcats.org/pictures/diablo215.jpg,TRUE,image/jpeg,32946,2017-02-18T23:59:50,3,,,,,,0,,,,,, 
http://snapcats.org/pictures/missmayberry215.jpg,TRUE,image/jpeg,24166,2017-02-19T00:04:05,3,,,,,,0,,,,,, 
http://snapcats.org/pictures/domingo215.jpg,TRUE,image/jpeg,69750,2017-02-19T00:00:53,3,,,,,,0,,,,,, 
http://snapcats.org/pictures/nutmeg215.jpg,TRUE,image/jpeg,29901,2017-02-19T00:04:26,3,,,,,,0,,,,,, 
http://snapcats.org/pictures/sunset215.jpg,TRUE,image/jpeg,41524,2017-02-19T00:08:20,3,,,,,,0,,,,,, 
http://snapcats.org/pictures/emma215.jpg,TRUE,image/jpeg,64847,2017-02-19T00:01:21,3,,,,,,0,,,,,, 
http://snapcats.org/pictures/baker215.jpg,TRUE,image/jpeg,36248,2017-02-18T23:56:31,3,,,,,,0,,,,,, 
http://snapcats.org/pictures/boots215.jpg,TRUE,image/jpeg,31414,2017-02-18T23:57:35,3,,,,,,0,,,,,, 
http://snapcats.org/pictures/bob215.jpg,TRUE,image/jpeg,24569,2017-02-18T23:57:30,3,,,,,,0,,,,,, 
http://snapcats.org/pictures/henry215.jpg,TRUE,image/jpeg,31175,2017-02-19T00:02:36,3,,,,,,0,,,,,, 
http://snapcats.org/pictures/blackcat215.jpg,TRUE,image/jpeg,25972,2017-02-18T23:57:25,3,,,,,,0,,,,,, 
http://snapcats.org/pictures/pj215.jpg,TRUE,image/jpeg,30763,2017-02-19T00:05:17,3,,,,,,0,,,,,, 
http://snapcats.org/pictures/cricket215.jpg,TRUE,image/jpeg,33261,2017-02-18T23:59:19,3,,,,,,0,,,,,, 
http://snapcats.org/pictures/dexter215.jpg,TRUE,image/jpeg,32425,2017-02-18T23:59:48,3,,,,,,0,,,,,, 
http://snapcats.org/pictures/oscar215.jpg,TRUE,image/jpeg,33825,2017-02-19T00:04:32,3,,,,,,0,,,,,, 
http://snapcats.org/pictures/oscar2215.jpg,TRUE,image/jpeg,27274,2017-02-19T00:04:32,3,,,,,,0,,,,,, 
http://snapcats.org/pictures/morticia215.jpg,TRUE,image/jpeg,32206,2017-02-19T00:04:08,3,,,,,,0,,,,,, 
http://snapcats.org/pictures/coco215.jpg,TRUE,image/jpeg,24935,2017-02-18T23:59:04,3,,,,,,0,,,,,, 
http://snapcats.org/pictures/chloe215.jpg,TRUE,image/jpeg,26661,2017-02-18T23:58:56,3,,,,,,0,,,,,, 
http://snapcats.org/pictures/mystery215.jpg,TRUE,image/jpeg,27114,2017-02-19T00:04:13,3,,,,,,0,,,,,, 
http://snapcats.org/pictures/lunalu215.jpg,TRUE,image/jpeg,24148,2017-02-19T00:03:48,3,,,,,,0,,,,,, 
http://snapcats.org/pictures/mia215.jpg,TRUE,image/jpeg,28933,2017-02-19T00:04:02,3,,,,,,0,,,,,, 
http://snapcats.org/pictures/zhivago215.jpg,TRUE,image/jpeg,30725,2017-02-19T00:10:21,3,,,,,,0,,,,,, 
http://snapcats.org/pictures/amber215.jpg,TRUE,image/jpeg,34907,2017-02-18T23:56:12,3,,,,,,0,,,,,, 
http://snapcats.org/pictures/dulcie215.jpg,TRUE,image/jpeg,28319,2017-02-19T00:01:07,3,,,,,,0,,,,,, 
http://snapcats.org/pictures/trooper215.jpg,TRUE,image/jpeg,21988,2017-02-19T00:09:22,3,,,,,,0,,,,,, 
http://snapcats.org/pictures/missy215.jpg,TRUE,image/jpeg,44671,2017-02-19T00:04:05,3,,,,,,0,,,,,, 
http://snapcats.org/pictures/mrt215.jpg,TRUE,image/jpeg,24624,2017-02-19T00:04:09,3,,,,,,0,,,,,, 
http://snapcats.org/pictures/pumpkin215.jpg,TRUE,image/jpeg,20160,2017-02-19T00:06:40,3,,,,,,0,,,,,, 
http://snapcats.org/pictures/mrm215.jpg,TRUE,image/jpeg,22327,2017-02-19T00:04:08,3,,,,,,0,,,,,, 
http://snapcats.org/pictures/glory2215.jpg,TRUE,image/jpeg,28360,2017-02-19T00:02:15,3,,,,,,0,,,,,, 
http://snapcats.org/pictures/mama215.jpg,TRUE,image/jpeg,23283,2017-02-19T00:03:50,3,,,,,,0,,,,,, 
http://snapcats.org/pictures/jessie215.jpg,TRUE,image/jpeg,23252,2017-02-19T00:02:48,3,,,,,,0,,,,,, 
http://snapcats.org/pictures/jinks215.jpg,TRUE,image/jpeg,18307,2017-02-19T00:02:50,3,,,,,,0,,,,,, 
http://snapcats.org/pictures/mikey215.jpg,TRUE,image/jpeg,28106,2017-02-19T00:04:03,3,,,,,,0,,,,,, 
http://snapcats.org/pictures/whiteshoes3215.jpg,TRUE,image/jpeg,33566,2017-02-19T00:09:53,3,,,,,,0,,,,,, 
http://snapcats.org/pictures/gloria215.jpg,TRUE,image/jpeg,26751,2017-02-19T00:02:14,3,,,,,,0,,,,,, 
http://snapcats.org/pictures/toby215.jpg,TRUE,image/jpeg,18789,2017-02-19T00:09:19,3,,,,,,0,,,,,, 
http://snapcats.org/pictures/hermione215.jpg,TRUE,image/jpeg,22304,2017-02-19T00:02:37,3,,,,,,0,,,,,, 
http://snapcats.org/pictures/webster215.jpg,TRUE,image/jpeg,32308,2017-02-19T00:09:51,3,,,,,,0,,,,,, 
http://snapcats.org/pictures/bert215.jpg,TRUE,image/jpeg,38386,2017-02-18T23:57:21,3,,,,,,0,,,,,, 
http://snapcats.org/pictures/nala215.png,TRUE,image/png,57240,2017-02-19T00:04:14,3,,,,,,0,,,,,, 
http://snapcats.org/pictures/mandy215.jpg,TRUE,image/jpeg,32025,2017-02-19T00:03:51,3,,,,,,0,,,,,, 
http://snapcats.org/pictures/nellie215.jpg,TRUE,image/jpeg,21489,2017-02-19T00:04:17,3,,,,,,0,,,,,, 
http://snapcats.org/pictures/sia215.jpg,TRUE,image/jpeg,35093,2017-02-19T00:07:34,3,,,,,,0,,,,,, 
http://snapcats.org/pictures/grady215.jpg,TRUE,image/jpeg,24707,2017-02-19T00:02:19,3,,,,,,0,,,,,, 
http://snapcats.org/pictures/oba215.jpg,TRUE,image/jpeg,28060,2017-02-19T00:04:27,3,,,,,,0,,,,,, 
http://snapcats.org/pictures/nallah215.jpg,TRUE,image/jpeg,30231,2017-02-19T00:04:15,3,,,,,,0,,,,,, 
http://snapcats.org/pictures/lilly215.png,TRUE,image/png,39178,2017-02-19T00:03:15,3,,,,,,0,,,,,, 
http://snapcats.org/pictures/grizzly215.jpg,TRUE,image/jpeg,25399,2017-02-19T00:02:26,3,,,,,,0,,,,,, 
http://snapcats.org/pictures/buddy-cat215.jpg,TRUE,image/jpeg,39735,2017-02-18T23:57:43,3,,,,,,0,,,,,, 
http://snapcats.org/pictures/tasha215.jpg,TRUE,image/jpeg,35899,2017-02-19T00:08:29,3,,,,,,0,,,,,, 
http://snapcats.org/pictures/cleo215.jpg,TRUE,image/jpeg,25554,2017-02-18T23:58:59,3,,,,,,0,,,,,, 
http://snapcats.org/pictures/simin215.jpg,TRUE,image/jpeg,25604,2017-02-19T00:07:36,3,,,,,,0,,,,,, 
http://snapcats.org/pictures/kimber215.jpg,TRUE,image/jpeg,27448,2017-02-19T00:02:52,3,,,,,,0,,,,,, 
http://snapcats.org/pictures/betsy215.jpg,TRUE,image/jpeg,39142,2017-02-18T23:57:22,3,,,,,,0,,,,,, 
http://snapcats.org/pictures/jezebel215.jpg,TRUE,image/jpeg,25827,2017-02-19T00:02:48,3,,,,,,0,,,,,, 
http://snapcats.org/pictures/buddy215.jpg,TRUE,image/jpeg,36019,2017-02-18T23:57:44,3,,,,,,0,,,,,, 
http://snapcats.org/pictures/fuzzer215.jpg,TRUE,image/jpeg,35059,2017-02-19T00:01:49,3,,,,,,0,,,,,, 
http://snapcats.org/pictures/miko215.jpg,TRUE,image/jpeg,48525,2017-02-19T00:04:04,3,,,,,,0,,,,,, 
http://snapcats.org/pictures/heidi215.png,TRUE,image/png,58513,2017-02-19T00:02:34,3,,,,,,0,,,,,, 
http://snapcats.org/pictures/b&j215.jpg,TRUE,image/jpeg,27069,2017-02-18T23:56:27,3,,,,,,0,,,,,, 
http://snapcats.org/pictures/twitch215.jpg,TRUE,image/jpeg,39321,2017-02-19T00:09:31,3,,,,,,0,,,,,, 
http://snapcats.org/pictures/felix215.jpg,TRUE,image/jpeg,31813,2017-02-19T00:01:41,3,,,,,,0,,,,,, 
http://snapcats.org/pictures/piggy215.png,TRUE,image/png,41124,2017-02-19T00:05:14,3,,,,,,0,,,,,, 
http://snapcats.org/pictures/oinky215.jpg,TRUE,image/jpeg,25180,2017-02-19T00:04:29,3,,,,,,0,,,,,, 
http://snapcats.org/pictures/tommy225.png,TRUE,image/png,57633,2017-02-19T00:09:19,3,,,,,,0,,,,,, 
http://snapcats.org/pictures/shadow215.png,TRUE,image/png,47526,2017-02-19T00:07:28,3,,,,,,0,,,,,, 
http://snapcats.org/pictures/farrah225.jpg,TRUE,image/jpeg,35359,2017-02-19T00:01:39,3,,,,,,0,,,,,, 
http://snapcats.org/pictures/judy225.jpg,TRUE,image/jpeg,40921,2017-02-19T00:02:50,3,,,,,,0,,,,,, 
http://snapcats.org/pictures/callie225.png,TRUE,image/png,64471,2017-02-18T23:57:54,3,,,,,,0,,,,,, 
http://snapcats.org/pictures/charlie225.jpg,TRUE,image/jpeg,24560,2017-02-18T23:58:16,3,,,,,,0,,,,,, 
http://snapcats.org/pictures/maxine225.jpg,TRUE,image/jpeg,34358,2017-02-19T00:03:57,3,,,,,,0,,,,,, 
http://snapcats.org/pictures/topaz225.jpg,TRUE,image/jpeg,37543,2017-02-19T00:09:20,3,,,,,,0,,,,,, 
http://snapcats.org/pictures/crystal225.jpg,TRUE,image/jpeg,34158,2017-02-18T23:59:21,3,,,,,,0,,,,,, 
http://snapcats.org/pictures/edan225.jpg,TRUE,image/jpeg,37756,2017-02-19T00:01:16,3,,,,,,0,,,,,, 
http://snapcats.org/pictures/boots1225.jpg,TRUE,image/jpeg,35264,2017-02-18T23:57:35,3,,,,,,0,,,,,, 
http://snapcats.org/pictures/boots2215.jpg,TRUE,image/jpeg,28208,2017-02-18T23:57:35,3,,,,,,0,,,,,, 
http://snapcats.org/pictures/lego225.jpg,TRUE,image/jpeg,27206,2017-02-19T00:03:13,3,,,,,,0,,,,,, 
http://snapcats.org/pictures/savannah225.jpg,TRUE,image/jpeg,29877,2017-02-19T00:07:23,3,,,,,,0,,,,,, 
http://snapcats.org/pictures/dj2.jpg,TRUE,image/jpeg,138467,2017-02-18T23:59:58,3,,,,,,0,,,,,, 
http://snapcats.org/pictures/djblanche2.jpg,TRUE,image/jpeg,159012,2017-02-19T00:00:00,3,,,,,,0,,,,,, 
http://snapcats.org/pictures/orion3.jpg,TRUE,image/jpeg,19442,2017-02-19T00:04:32,3,,,,,,0,,,,,, 
http://snapcats.org/pictures/dj&tuna450.jpg,TRUE,image/jpeg,108711,2017-02-18T23:59:57,3,,,,,,0,,,,,, 
http://snapcats.org/pictures/orion2.jpg,TRUE,image/jpeg,141558,2017-02-19T00:04:32,3,,,,,,0,,,,,, 
http://snapcats.org/pictures/whiteshoes225.jpg,TRUE,image/jpeg,86916,2017-02-19T00:09:53,3,,,,,,0,,,,,, 
http://snapcats.org/pictures/dinah3.jpg,TRUE,image/jpeg,47839,2017-02-18T23:59:55,3,,,,,,0,,,,,, 
http://snapcats.org/pictures/jingles2.jpg,TRUE,image/jpeg,23166,2017-02-19T00:02:49,3,,,,,,0,,,,,, 
http://snapcats.org/pictures/checkmark20.png,TRUE,image/png,585,2017-02-18T23:58:48,3,,,,,,0,,,,,, 
http://snapcats.org/pictures/whiteshoes1.jpg,TRUE,image/jpeg,139945,2017-02-19T00:09:52,3,,,,,,0,,,,,, 
http://snapcats.org/pictures/djsushi1.jpg,TRUE,image/jpeg,134006,2017-02-19T00:00:10,3,,,,,,0,,,,,, 
http://snapcats.org/pictures/whiteshoes3.jpg,TRUE,image/jpeg,134733,2017-02-19T00:09:53,3,,,,,,0,,,,,, 
http://snapcats.org/pictures/marmalade2.jpg,TRUE,image/jpeg,37382,2017-02-19T00:03:55,3,,,,,,0,,,,,, 
http://snapcats.org/pictures/djscatnip.jpg,TRUE,image/jpeg,151355,2017-02-19T00:00:08,3,,,,,,0,,,,,, 
http://snapcats.org/pictures/whiteshoes2.jpg,TRUE,image/jpeg,128072,2017-02-19T00:09:52,3,,,,,,0,,,,,, 
http://snapcats.org/pictures/djbinb.jpg,TRUE,image/jpeg,121089,2017-02-18T23:59:59,3,,,,,,0,,,,,, 
http://snapcats.org/pictures/djincar.jpg,TRUE,image/jpeg,134924,2017-02-19T00:00:01,3,,,,,,0,,,,,, 
http://snapcats.org/pictures/sniffychron.jpg,TRUE,image/jpeg,33456,2017-02-19T00:07:56,3,,,,,,0,,,,,, 
http://snapcats.org/pictures/whiteshoes5.jpg,TRUE,image/jpeg,104212,2017-02-19T00:09:53,3,,,,,,0,,,,,, 
http://snapcats.org/pictures/djincar33.jpg,TRUE,image/jpeg,91185,2017-02-19T00:00:03,3,,,,,,0,,,,,, 
http://snapcats.org/pictures/sniffykitten1.jpg,TRUE,image/jpeg,50744,2017-02-19T00:07:57,3,,,,,,0,,,,,, 
http://snapcats.org/pictures/whiteshoes6.jpg,TRUE,image/jpeg,114354,2017-02-19T00:09:53,3,,,,,,0,,,,,, 
http://snapcats.org/pictures/djroof4.jpg,TRUE,image/jpeg,137687,2017-02-19T00:00:06,3,,,,,,0,,,,,, 
http://snapcats.org/pictures/sniffy2.jpg,TRUE,image/jpeg,,,0,,,,,,1,,,,,, 
http://snapcats.org/pictures/djandwhiteshoes.jpg,TRUE,image/jpeg,84287,2017-02-18T23:59:59,3,,,,,,0,,,,,, 
http://snapcats.org/pictures/djsgone.jpg,TRUE,image/jpeg,145521,2017-02-19T00:00:09,3,,,,,,0,,,,,, 
http://snapcats.org/pictures/catdoor1.jpg,TRUE,image/jpeg,95225,2017-02-18T23:57:58,3,,,,,,0,,,,,, 
http://snapcats.org/pictures/sniffy-patti480.jpg,TRUE,image/jpeg,140555,2017-02-19T00:07:51,3,,,,,,0,,,,,, 
http://snapcats.org/pictures/catdoor3.jpg,TRUE,image/jpeg,93946,2017-02-18T23:57:58,3,,,,,,0,,,,,, 
http://snapcats.org/pictures/sniffysofa.jpg,TRUE,image/jpeg,38350,2017-02-19T00:07:57,3,,,,,,0,,,,,, 
http://snapcats.org/pictures/catdoor2.jpg,TRUE,image/jpeg,284867,2017-02-18T23:57:58,3,,,,,,0,,,,,, 
http://snapcats.org/pictures/whiteshoesondesk.jpg,TRUE,image/jpeg,105776,2017-02-19T00:09:53,3,,,,,,0,,,,,, 
http://snapcats.org/pictures/hubble565.jpg,TRUE,image/jpeg,226993,2017-02-19T00:02:40,4,,,,,,0,,,,,, 
http://snapcats.org/pictures/larry565.jpg,TRUE,image/jpeg,149427,2017-02-19T00:03:10,4,,,,,,0,,,,,, 
http://snapcats.org/pictures/ourcatsbar.jpg,TRUE,image/jpeg,8462,2017-02-19T00:04:33,4,,,,,,0,,,,,, 
http://snapcats.org/pictures/cupcake.jpg,TRUE,image/jpeg,109409,2017-02-18T23:59:22,4,,,,,,0,,,,,, 
http://snapcats.org/pictures/pancake565as.jpg,TRUE,image/jpeg,213448,2017-02-19T00:04:39,4,,,,,,0,,,,,, 
http://snapcats.org/pictures/brewster450.jpg,TRUE,image/jpeg,146773,2017-02-18T23:57:40,4,,,,,,0,,,,,, 
http://snapcats.org/pictures/bw450myadoptionissponsored.jpg,TRUE,image/jpeg,121968,2017-02-18T23:57:53,4,,,,,,0,,,,,, 
http://snapcats.org/pictures/teddynew450.jpg,TRUE,image/jpeg,90620,2017-02-19T00:08:46,4,,,,,,0,,,,,, 
http://snapcats.org/pictures/japanese-bobtail565.jpg,TRUE,image/jpeg,54494,2017-02-19T00:02:47,4,Japanese Bobtail,,,,,0,,,,,, 
http://snapcats.org/pictures/korat565.jpg,TRUE,image/jpeg,39915,2017-02-19T00:02:59,4,Korat,,,,,0,,,,,, 
http://snapcats.org/pictures/javanese565.jpg,TRUE,image/jpeg,41893,2017-02-19T00:02:47,4,Javanese,,,,,0,,,,,, 
http://snapcats.org/pictures/exotic565.jpg,TRUE,image/jpeg,63088,2017-02-19T00:01:38,4,Exotic,,,,,0,,,,,, 
http://snapcats.org/pictures/havana-brown565.jpg,TRUE,image/jpeg,73967,2017-02-19T00:02:31,4,Havana Brown,,,,,0,,,,,, 
http://snapcats.org/pictures/european-burmese565.jpg,TRUE,image/jpeg,79838,2017-02-19T00:01:33,4,European Burmese,,,,,0,,,,,, 
http://snapcats.org/pictures/egyptian-mau565.jpg,TRUE,image/jpeg,59325,2017-02-19T00:01:19,4,Egyptian Mau,,,,,0,,,,,, 
http://snapcats.org/pictures/cymrc565.jpg,TRUE,image/jpeg,77339,2017-02-18T23:59:22,4,Cymric,,,,,0,,,,,, 
http://snapcats.org/pictures/devon-rex565.jpg,TRUE,image/jpeg,58575,2017-02-18T23:59:47,4,Devon Rex,,,,,0,,,,,, 
http://snapcats.org/pictures/cornish-rex565.jpg,TRUE,image/jpeg,40362,2017-02-18T23:59:15,4,Cornish Rex,,,,,0,,,,,, 
http://snapcats.org/pictures/chinese-li-hua565.jpg,TRUE,image/jpeg,111786,2017-02-18T23:58:56,4,Chinese Li Hua,,,,,0,,,,,, 
http://snapcats.org/pictures/colorpoint-shorthair565.jpg,TRUE,image/jpeg,46828,2017-02-18T23:59:07,4,Colorpoint Shorthair,,,,,0,,,,,, 
http://snapcats.org/pictures/chartreux565.jpg,TRUE,image/jpeg,61741,2017-02-18T23:58:46,4,Chartreux,,,,,0,,,,,, 
http://snapcats.org/pictures/burmilla565.jpg,TRUE,image/jpeg,127361,2017-02-18T23:57:50,4,Burmilla,,,,,0,,,,,, 
http://snapcats.org/pictures/british-shorthair565.jpg,TRUE,image/jpeg,54674,2017-02-18T23:57:42,4,British Shorthair,,,,,0,,,,,, 
http://snapcats.org/pictures/burmese565.jpg,TRUE,image/jpeg,96073,2017-02-18T23:57:46,4,Burmese,,,,,0,,,,,, 
http://snapcats.org/pictures/bombay565.jpg,TRUE,image/jpeg,61375,2017-02-18T23:57:34,4,Birman,,,,,0,,,,,, 
http://snapcats.org/pictures/birman565.jpg,TRUE,image/jpeg,57914,2017-02-18T23:57:23,4,Birman,,,,,0,,,,,, 
http://snapcats.org/pictures/bengal565.jpg,TRUE,image/jpeg,98911,2017-02-18T23:57:21,4,Bengal,,,,,0,,,,,, 
http://snapcats.org/pictures/himalayan565.jpg,TRUE,image/jpeg,69977,2017-02-19T00:02:37,4,Himalayan,,,,,0,,,,,, 
http://snapcats.org/pictures/balinese565.jpg,TRUE,image/jpeg,55028,2017-02-18T23:56:36,4,Balinese,,,,,0,,,,,, 
http://snapcats.org/pictures/american-wirehair565.jpg,TRUE,image/jpeg,86321,2017-02-18T23:56:14,4,American Wirehair,,,,,0,,,,,, 
http://snapcats.org/pictures/american-curl565.jpg,TRUE,image/jpeg,71341,2017-02-18T23:56:13,4,American Curl,,,,,0,,,,,, 
http://snapcats.org/pictures/american-shorthair565.jpg,TRUE,image/jpeg,85071,2017-02-18T23:56:14,4,American Shorthair,,,,,0,,,,,, 
http://snapcats.org/pictures/abyssinian565.jpg,TRUE,image/jpeg,75190,2017-02-18T23:56:04,4,Abyssinian,,,,,0,,,,,, 
http://snapcats.org/pictures/american-bobtail565.jpg,TRUE,image/jpeg,81228,2017-02-18T23:56:13,4,American Bobtail,,,,,0,,,,,, 
http://snapcats.org/pictures/turkish-angora565.jpg,TRUE,image/jpeg,30761,2017-02-19T00:09:29,4,Turkish Angora,,,,,0,,,,,, 
http://snapcats.org/pictures/somali565.jpg,TRUE,image/jpeg,100415,2017-02-19T00:07:59,4,Somali,,,,,0,,,,,, 
http://snapcats.org/pictures/sphynx565.jpg,TRUE,image/jpeg,65943,2017-02-19T00:08:02,4,Sphynx,,,,,0,,,,,, 
http://snapcats.org/pictures/turkish-van565.jpg,TRUE,image/jpeg,58006,2017-02-19T00:09:30,4,Turkish Van,,,,,0,,,,,, 
http://snapcats.org/pictures/snowshoe565.jpg,TRUE,image/jpeg,61671,2017-02-19T00:07:57,4,Snowshoe,,,,,0,,,,,, 
http://snapcats.org/pictures/singapura565.jpg,TRUE,image/jpeg,98017,2017-02-19T00:07:37,4,Singapura,,,,,0,,,,,, 
http://snapcats.org/pictures/siberian565.jpg,TRUE,image/jpeg,77708,2017-02-19T00:07:36,4,Siberian,,,,,0,,,,,, 
http://snapcats.org/pictures/siamese565.jpg,TRUE,image/jpeg,77178,2017-02-19T00:07:35,4,Siamese,,,,,0,,,,,, 
http://snapcats.org/pictures/selkirk-rex565.jpg,TRUE,image/jpeg,81874,2017-02-19T00:07:28,4,Selkirk Rex,,,,,0,,,,,, 
http://snapcats.org/pictures/scottish-fold565.jpg,TRUE,image/jpeg,60768,2017-02-19T00:07:26,4,Scottish Fold,,,,,0,,,,,, 
http://snapcats.org/pictures/savannah565.jpg,TRUE,image/jpeg,83013,2017-02-19T00:07:24,4,Savannah,,,,,0,,,,,, 
http://snapcats.org/pictures/russian-blue565.jpg,TRUE,image/jpeg,56106,2017-02-19T00:07:17,4,Russian Blue,,,,,0,,,,,, 
http://snapcats.org/pictures/ragamuffin565.jpg,TRUE,image/jpeg,72799,2017-02-19T00:06:50,4,Ragamuffin,,,,,0,,,,,, 
http://snapcats.org/pictures/persian565.jpg,TRUE,image/jpeg,94818,2017-02-19T00:05:01,4,Persian,,,,,0,,,,,, 
http://snapcats.org/pictures/ocicat565.jpg,TRUE,image/jpeg,80096,2017-02-19T00:04:27,4,Ocicat,,,,,0,,,,,, 
http://snapcats.org/pictures/norwegian-forest565.jpg,TRUE,image/jpeg,87242,2017-02-19T00:04:26,4,Norwegian Forest,,,,,0,,,,,, 
http://snapcats.org/pictures/oriental565.jpg,TRUE,image/jpeg,74806,2017-02-19T00:04:32,4,Oriental,,,,,0,,,,,, 
http://snapcats.org/pictures/ragdoll565.jpg,TRUE,image/jpeg,46367,2017-02-19T00:06:51,4,Ragdoll,,,,,0,,,,,, 
http://snapcats.org/pictures/tonkinese565.jpg,TRUE,image/jpeg,63897,2017-02-19T00:09:20,4,Tonkinese,,,,,0,,,,,, 
http://snapcats.org/pictures/nebelung565.jpg,TRUE,image/jpeg,30507,2017-02-19T00:04:16,4,Nebelung,,,,,0,,,,,, 
http://snapcats.org/pictures/manxbreed565.jpg,TRUE,image/jpeg,76182,2017-02-19T00:03:52,4,Manx,,,,,0,,,,,, 
http://snapcats.org/pictures/laperm565.jpg,TRUE,image/jpeg,65487,2017-02-19T00:03:01,4,Laperm,,,,,0,,,,,, 
http://snapcats.org/pictures/maine-coon565.jpg,TRUE,image/jpeg,63707,2017-02-19T00:03:49,4,Maine Coon,,,,,0,,,,,, 
http://snapcats.org/pictures/djsushi2.jpg,TRUE,image/jpeg,111309,2017-02-19T00:00:11,4,,,,,,0,,,,,, 
http://snapcats.org/pictures/djsushi3.jpg,TRUE,image/jpeg,110759,2017-02-19T00:00:11,4,,,,,,0,,,,,, 
http://snapcats.org/pictures/djsushi4.jpg,TRUE,image/jpeg,105403,2017-02-19T00:00:12,4,,,,,,0,,,,,, 
http://snapcats.org/pictures/djsushi5.jpg,TRUE,image/jpeg,105912,2017-02-19T00:00:13,4,,,,,,0,,,,,, 
http://snapcats.org/pictures/djsushi6.jpg,TRUE,image/jpeg,111609,2017-02-19T00:00:13,4,,,,,,0,,,,,, 
http://snapcats.org/pictures/djsushi7.jpg,TRUE,image/jpeg,111297,2017-02-19T00:00:14,4,,,,,,0,,,,,, 
http://snapcats.org/pictures/teddycleftbefore450.jpg,TRUE,image/jpeg,151703,2017-02-19T00:08:39,5,,,,,,0,,,,,, 
http://snapcats.org/pictures/pumpkin565as.jpg,TRUE,image/jpeg,241398,2017-02-19T00:06:41,5,,,,,,0,,,,,, 
http://snapcats.org/pictures/pompom565.jpg,TRUE,image/jpeg,185446,2017-02-19T00:06:26,5,,,,,,0,,,,,, 
http://snapcats.org/pictures/teddyfixedwtext450.jpg,TRUE,image/jpeg,107664,2017-02-19T00:08:46,5,,,,,,0,,,,,, 
http://snapcats.org/pictures/teddycleft1450.jpg,TRUE,image/jpeg,130609,2017-02-19T00:08:35,5,,,,,,0,,,,,, 
http://snapcats.org/pictures/teddycleft2450.jpg,TRUE,image/jpeg,147672,2017-02-19T00:08:38,5,,,,,,0,,,,,, 
http://snapcats.org/pictures/teddycleft3450.jpg,TRUE,image/jpeg,138629,2017-02-19T00:08:38,5,,,,,,0,,,,,, 
http://snapcats.org/pictures/teddycleft4450.jpg,TRUE,image/jpeg,132063,2017-02-19T00:08:39,5,,,,,,0,,,,,, 
http://snapcats.org/pictures/djroof1.jpg,TRUE,image/jpeg,95616,2017-02-19T00:00:04,4,,,,,,0,,,,,, 
http://snapcats.org/pictures/djroof2.jpg,TRUE,image/jpeg,136195,2017-02-19T00:00:05,4,,,,,,0,,,,,, 
http://snapcats.org/pictures/djroof3.jpg,TRUE,image/jpeg,139752,2017-02-19T00:00:06,4,,,,,,0,,,,,, 
http://snapcats.org/pictures/djroof5.jpg,TRUE,image/jpeg,122528,2017-02-19T00:00:07,4,,,,,,0,,,,,, 